worker_id,item,dim_0,dim_1,dim_2
67fed6e49a08cae592a36d2f,#000000,-0.06942834,-0.002004611,-0.046662267
67fed6e49a08cae592a36d2f,#0E8A19,-0.405914098,0.185318783,0.143760309
67fed6e49a08cae592a36d2f,#1C3D61,0.13320291,0.115805663,-0.000781312
67fed6e49a08cae592a36d2f,#2E3086,0.070572339,0.276457131,-0.234125435
67fed6e49a08cae592a36d2f,#2F6EF6,0.184684992,0.138075933,0.039248683
67fed6e49a08cae592a36d2f,#3B3B3B,-0.021939661,0.051690146,0.062255047
67fed6e49a08cae592a36d2f,#3B8378,-0.288616955,0.032301556,0.145214558
67fed6e49a08cae592a36d2f,#4BCF8E,-0.473400384,0.126779869,0.041005488
67fed6e49a08cae592a36d2f,#4DC7E8,0.210490033,0.228377312,-0.071987689
67fed6e49a08cae592a36d2f,#5E2B3A,0.290167183,-0.038737804,0.014397837
67fed6e49a08cae592a36d2f,#5E78A1,0.09336435,0.203652665,-0.06443473
67fed6e49a08cae592a36d2f,#7EC6BA,-0.098936513,0.20172596,-0.033384532
67fed6e49a08cae592a36d2f,#67CF5C,-0.429566503,0.114707194,-0.010426734
67fed6e49a08cae592a36d2f,#73CF10,-0.361012787,0.184955597,0.079854518
67fed6e49a08cae592a36d2f,#077ACC,0.094232596,0.189700827,0.087460428
67fed6e49a08cae592a36d2f,#96C58C,-0.316922843,0.099245429,0.071638048
67fed6e49a08cae592a36d2f,#443B14,-0.23546271,-0.276782006,-0.082156159
67fed6e49a08cae592a36d2f,#512D5F,0.306199044,-0.074039534,0.102186285
67fed6e49a08cae592a36d2f,#600B84,0.378121108,0.032113727,0.058119513
67fed6e49a08cae592a36d2f,#632B14,0.009111966,-0.141401902,0.06959103
67fed6e49a08cae592a36d2f,#746BCA,0.196435794,0.025072778,-0.017606035
67fed6e49a08cae592a36d2f,#3518AD,0.287870795,0.245693311,-0.184837341
67fed6e49a08cae592a36d2f,#8558F4,0.2612634,-0.005983265,0.09098608
67fed6e49a08cae592a36d2f,#55824D,-0.400702447,-0.070208415,0.096652262
67fed6e49a08cae592a36d2f,#72005E,0.307543218,0.050266113,-0.045958452
67fed6e49a08cae592a36d2f,#83764C,-0.303512812,-0.037322398,-0.038304891
67fed6e49a08cae592a36d2f,#90689F,0.424262851,0.010745023,0.028151803
67fed6e49a08cae592a36d2f,#184415,-0.305618674,0.008695216,0.15654625
67fed6e49a08cae592a36d2f,#608218,-0.429726422,0.017834259,0.091144249
67fed6e49a08cae592a36d2f,#777777,-0.033646371,0.015779095,-0.043922257
67fed6e49a08cae592a36d2f,#897618,-0.193198577,-0.090842083,-0.109020345
67fed6e49a08cae592a36d2f,#A0BAE6,0.125988543,0.21473144,0.018507496
67fed6e49a08cae592a36d2f,#A3C55B,-0.452483892,0.036363684,-0.091602422
67fed6e49a08cae592a36d2f,#A553C8,0.275523305,-0.018697636,0.026434163
67fed6e49a08cae592a36d2f,#A06776,0.200332552,-0.094969057,0.097862475
67fed6e49a08cae592a36d2f,#A8664B,0.114302441,-0.186065972,-0.041683827
67fed6e49a08cae592a36d2f,#AAC510,-0.467077047,-0.021372069,-0.028188555
67fed6e49a08cae592a36d2f,#AC6619,-0.041058499,-0.157696337,-0.176892087
67fed6e49a08cae592a36d2f,#B9B9B9,-0.121510997,0.245786399,0.074306853
67fed6e49a08cae592a36d2f,#B62EF2,0.30649823,-0.023282459,0.004388008
67fed6e49a08cae592a36d2f,#B8509E,0.423784822,-0.048986159,-0.014421979
67fed6e49a08cae592a36d2f,#C7B88B,-0.301792681,-0.068943612,-0.098610803
67fed6e49a08cae592a36d2f,#C34F74,0.102470912,0.024100386,0.196445554
67fed6e49a08cae592a36d2f,#C94E4B,0.179777905,-0.258424968,-0.015087094
67fed6e49a08cae592a36d2f,#CC4F1B,0.047834374,-0.451959461,-0.057747345
67fed6e49a08cae592a36d2f,#CD26C7,0.256457001,0.094145119,-0.027239557
67fed6e49a08cae592a36d2f,#D0B85A,-0.305683762,-0.251559734,-0.00867187
67fed6e49a08cae592a36d2f,#D5A9E4,0.347271681,0.027471233,-0.056924958
67fed6e49a08cae592a36d2f,#D5B811,-0.160950914,-0.12191993,-0.12572062
67fed6e49a08cae592a36d2f,#DB1F9D,0.237985417,0.125238404,-0.144677714
67fed6e49a08cae592a36d2f,#E6A8B7,0.253212035,-0.207980648,0.093880109
67fed6e49a08cae592a36d2f,#E31B73,0.166871458,-0.070165724,0.058952652
67fed6e49a08cae592a36d2f,#E81A4B,0.326931,0.004221546,0.051298019
67fed6e49a08cae592a36d2f,#EA1D1D,0.111665368,-0.201277718,0.255336344
67fed6e49a08cae592a36d2f,#F1A78A,0.010024409,-0.260641724,0.065287426
67fed6e49a08cae592a36d2f,#F7A75A,-0.144454882,-0.036733035,-0.27136597
67fed6e49a08cae592a36d2f,#FBA714,-0.201874599,-0.326421469,-0.168101236
67fed6e49a08cae592a36d2f,#FFFFFF,-0.169960484,0.21736832,-0.010367251
67fed55f334fc70fdc883f86,#000000,-0.064267322,-0.027531223,0.053606372
67fed55f334fc70fdc883f86,#0E8A19,0.005739381,-0.111175165,-0.001349764
67fed55f334fc70fdc883f86,#1C3D61,-0.017152205,-0.040603507,-0.012153494
67fed55f334fc70fdc883f86,#2E3086,-0.098263919,-0.162909672,-0.01532842
67fed55f334fc70fdc883f86,#2F6EF6,0.03179875,-0.076187059,-0.037860699
67fed55f334fc70fdc883f86,#3B3B3B,-0.074911542,0.005349723,0.072039269
67fed55f334fc70fdc883f86,#3B8378,-0.01052276,-0.032060735,0.042926684
67fed55f334fc70fdc883f86,#4BCF8E,0.002613246,-0.01249882,-0.090801232
67fed55f334fc70fdc883f86,#4DC7E8,0.013775375,0.04172099,-0.044736352
67fed55f334fc70fdc883f86,#5E2B3A,-0.032398373,0.030229777,0.263299972
67fed55f334fc70fdc883f86,#5E78A1,-0.022072338,0.053167358,-0.201285571
67fed55f334fc70fdc883f86,#7EC6BA,0.060508281,0.084982991,0.046273883
67fed55f334fc70fdc883f86,#67CF5C,0.077959545,-0.001185163,-0.094852269
67fed55f334fc70fdc883f86,#73CF10,-0.045507841,0.075437903,0.006457204
67fed55f334fc70fdc883f86,#077ACC,0.11597456,0.000999541,0.010263995
67fed55f334fc70fdc883f86,#96C58C,-0.025950376,-0.119442686,-0.145093381
67fed55f334fc70fdc883f86,#443B14,-0.339972913,0.028484009,0.082190998
67fed55f334fc70fdc883f86,#512D5F,-0.016975777,0.070540369,0.047502499
67fed55f334fc70fdc883f86,#600B84,0.135341331,0.041368593,0.130284593
67fed55f334fc70fdc883f86,#632B14,-0.257966429,0.188141719,-0.045054551
67fed55f334fc70fdc883f86,#746BCA,0.281095147,0.0382258,-0.067264661
67fed55f334fc70fdc883f86,#3518AD,0.042170942,-0.091547713,0.048188616
67fed55f334fc70fdc883f86,#8558F4,0.170692176,-0.236400083,0.006852462
67fed55f334fc70fdc883f86,#55824D,-0.040403232,-0.159511521,0.005719392
67fed55f334fc70fdc883f86,#72005E,0.076886654,0.092209756,-0.035778735
67fed55f334fc70fdc883f86,#83764C,-0.149983227,0.124718085,-0.066173017
67fed55f334fc70fdc883f86,#90689F,0.037488207,0.043662071,0.023796471
67fed55f334fc70fdc883f86,#184415,-0.231467679,-0.053728439,-0.009141698
67fed55f334fc70fdc883f86,#608218,-0.12915656,0.14710848,-0.068143986
67fed55f334fc70fdc883f86,#777777,0.035052136,0.125140235,0.104937635
67fed55f334fc70fdc883f86,#897618,-0.165812656,-0.108327508,0.032822873
67fed55f334fc70fdc883f86,#A0BAE6,0.03304559,0.026179835,-0.139995992
67fed55f334fc70fdc883f86,#A3C55B,0.159541056,-0.130431995,-0.10448207
67fed55f334fc70fdc883f86,#A553C8,0.063092992,0.04609672,0.16273272
67fed55f334fc70fdc883f86,#A06776,0.135880783,0.056885701,0.045951694
67fed55f334fc70fdc883f86,#A8664B,-0.10941875,0.123924509,-0.088313036
67fed55f334fc70fdc883f86,#AAC510,-0.134653807,0.078034297,-0.042514618
67fed55f334fc70fdc883f86,#AC6619,-0.290833592,-0.105015948,0.028216422
67fed55f334fc70fdc883f86,#B9B9B9,-0.008115119,0.039164811,0.026577907
67fed55f334fc70fdc883f86,#B62EF2,0.091412053,0.103595227,0.009662076
67fed55f334fc70fdc883f86,#B8509E,0.155681223,0.067413688,-0.016173108
67fed55f334fc70fdc883f86,#C7B88B,0.027993048,-0.009325339,-0.072949685
67fed55f334fc70fdc883f86,#C34F74,0.035988867,0.145468488,0.035021164
67fed55f334fc70fdc883f86,#C94E4B,0.154816628,0.027023286,-0.106487483
67fed55f334fc70fdc883f86,#CC4F1B,-0.089740708,-0.101860926,-0.009261875
67fed55f334fc70fdc883f86,#CD26C7,0.126633972,-0.101440445,0.04441414
67fed55f334fc70fdc883f86,#D0B85A,-0.118792757,0.153261751,-0.03105248
67fed55f334fc70fdc883f86,#D5A9E4,0.068692788,0.157343253,0.060287215
67fed55f334fc70fdc883f86,#D5B811,-0.047126234,-0.122258231,-0.031104816
67fed55f334fc70fdc883f86,#DB1F9D,0.209661946,0.081821084,-0.023963185
67fed55f334fc70fdc883f86,#E6A8B7,0.088236414,0.077572837,0.055049643
67fed55f334fc70fdc883f86,#E31B73,0.137066543,0.014127569,-0.017179916
67fed55f334fc70fdc883f86,#E81A4B,0.014398215,-0.182036683,0.084471725
67fed55f334fc70fdc883f86,#EA1D1D,0.116423041,-0.241520762,0.039439272
67fed55f334fc70fdc883f86,#F1A78A,0.049068533,0.004494473,0.067029148
67fed55f334fc70fdc883f86,#F7A75A,-0.096131146,-0.144149676,-0.012910575
67fed55f334fc70fdc883f86,#FBA714,-0.184606478,-0.119075909,-0.022611566
67fed55f334fc70fdc883f86,#FFFFFF,0.047474243,0.096330196,0.01800218
67d9bd87b52053cd2505ae74,#000000,-0.445646852,-1.322790861,-0.506739438
67d9bd87b52053cd2505ae74,#0E8A19,0.630994201,0.006177479,-0.126964435
67d9bd87b52053cd2505ae74,#1C3D61,0.203092352,-0.547705889,0.26247856
67d9bd87b52053cd2505ae74,#2E3086,0.036139619,-0.144441485,0.002646574
67d9bd87b52053cd2505ae74,#2F6EF6,-0.42256397,-0.154034525,0.153358668
67d9bd87b52053cd2505ae74,#3B3B3B,-0.676253736,-1.189677477,-0.133353144
67d9bd87b52053cd2505ae74,#3B8378,0.648115516,-0.313965619,0.133620933
67d9bd87b52053cd2505ae74,#4BCF8E,0.587640345,-0.143630609,-0.024707785
67d9bd87b52053cd2505ae74,#4DC7E8,-0.136769131,-0.287139893,0.209874004
67d9bd87b52053cd2505ae74,#5E2B3A,-0.468583405,0.247012675,-0.260091066
67d9bd87b52053cd2505ae74,#5E78A1,0.040136863,-0.236247644,0.344118327
67d9bd87b52053cd2505ae74,#7EC6BA,0.209015921,-0.481259823,0.196896419
67d9bd87b52053cd2505ae74,#67CF5C,0.454297096,-0.031078739,0.006299459
67d9bd87b52053cd2505ae74,#73CF10,0.355492949,-0.277774841,-0.177303359
67d9bd87b52053cd2505ae74,#077ACC,-0.160440668,-0.267673224,0.306968868
67d9bd87b52053cd2505ae74,#96C58C,0.484106272,-0.033628929,-0.068838857
67d9bd87b52053cd2505ae74,#443B14,0.247905031,0.081992693,-0.536720514
67d9bd87b52053cd2505ae74,#512D5F,-0.552386522,-0.099761382,0.126766339
67d9bd87b52053cd2505ae74,#600B84,-0.446951866,-0.080092676,0.200127885
67d9bd87b52053cd2505ae74,#632B14,0.255548,0.438144505,-0.265589982
67d9bd87b52053cd2505ae74,#746BCA,-0.48376742,0.017148424,0.146939784
67d9bd87b52053cd2505ae74,#3518AD,-0.089093991,-0.293505669,0.274278969
67d9bd87b52053cd2505ae74,#8558F4,-0.314666778,0.132611752,0.118236333
67d9bd87b52053cd2505ae74,#55824D,0.509506047,-0.044340089,-0.214595094
67d9bd87b52053cd2505ae74,#72005E,-0.476085782,0.15957664,-0.007130853
67d9bd87b52053cd2505ae74,#83764C,0.753182113,0.31791696,-0.049524255
67d9bd87b52053cd2505ae74,#90689F,-0.401831478,0.029861055,0.164532349
67d9bd87b52053cd2505ae74,#184415,0.471826851,-0.549447477,0.035474602
67d9bd87b52053cd2505ae74,#608218,0.603156269,-0.335619241,-0.188674271
67d9bd87b52053cd2505ae74,#777777,0.232436806,-0.756265223,-0.240381718
67d9bd87b52053cd2505ae74,#897618,0.30665347,0.309323311,-0.179299012
67d9bd87b52053cd2505ae74,#A0BAE6,-0.067508943,-0.200017214,0.370846927
67d9bd87b52053cd2505ae74,#A3C55B,0.948666215,-0.26791808,0.105082981
67d9bd87b52053cd2505ae74,#A553C8,-0.485531271,0.166962191,0.132845268
67d9bd87b52053cd2505ae74,#A06776,-0.292710483,0.257175773,-0.027193876
67d9bd87b52053cd2505ae74,#A8664B,0.021317715,0.415905148,-0.328956962
67d9bd87b52053cd2505ae74,#AAC510,0.597707808,0.029439066,0.121360943
67d9bd87b52053cd2505ae74,#AC6619,0.25214228,0.335998833,-0.319426835
67d9bd87b52053cd2505ae74,#B9B9B9,0.207099512,0.304619998,0.400793821
67d9bd87b52053cd2505ae74,#B62EF2,-0.52229923,0.040916011,0.11478126
67d9bd87b52053cd2505ae74,#B8509E,-0.436918437,0.195109129,0.058024328
67d9bd87b52053cd2505ae74,#C7B88B,0.756226122,0.355337679,0.114445724
67d9bd87b52053cd2505ae74,#C34F74,-0.550370932,-0.069236651,-0.023578767
67d9bd87b52053cd2505ae74,#C94E4B,-0.589917004,0.418264478,-0.193386883
67d9bd87b52053cd2505ae74,#CC4F1B,-0.325367808,0.252304405,-0.242738232
67d9bd87b52053cd2505ae74,#CD26C7,-0.491878062,0.278813571,-0.028060472
67d9bd87b52053cd2505ae74,#D0B85A,0.40444985,0.171352059,0.089878224
67d9bd87b52053cd2505ae74,#D5A9E4,-0.402761072,0.183306485,0.210468948
67d9bd87b52053cd2505ae74,#D5B811,0.456622273,0.265458077,0.00091768
67d9bd87b52053cd2505ae74,#DB1F9D,-0.545323253,0.235882312,-0.097344905
67d9bd87b52053cd2505ae74,#E6A8B7,-0.4417395,0.196240276,0.042845383
67d9bd87b52053cd2505ae74,#E31B73,-0.53926146,0.248010099,-0.117940202
67d9bd87b52053cd2505ae74,#E81A4B,-0.376022547,0.161740109,-0.434540391
67d9bd87b52053cd2505ae74,#EA1D1D,-0.427852213,0.320880026,0.058075402
67d9bd87b52053cd2505ae74,#F1A78A,-0.085550793,0.389873922,-0.100136742
67d9bd87b52053cd2505ae74,#F7A75A,0.319082886,0.3667247,-0.223642394
67d9bd87b52053cd2505ae74,#FBA714,0.36588639,0.388972968,-0.101992346
67d9bd87b52053cd2505ae74,#FFFFFF,0.297607452,0.408200502,0.715867698
67d9c6893c81840d1fb03ec6,#000000,0.205825076,0.616610885,-0.520279646
67d9c6893c81840d1fb03ec6,#0E8A19,0.527388513,0.082992904,0.245252982
67d9c6893c81840d1fb03ec6,#1C3D61,0.300158799,0.159392491,0.13738431
67d9c6893c81840d1fb03ec6,#2E3086,-0.125151992,0.317867309,0.308944046
67d9c6893c81840d1fb03ec6,#2F6EF6,0.509796083,-0.055359457,0.300279409
67d9c6893c81840d1fb03ec6,#3B3B3B,-0.262342185,0.777036607,-0.231140867
67d9c6893c81840d1fb03ec6,#3B8378,0.483992398,0.051745348,-0.097205244
67d9c6893c81840d1fb03ec6,#4BCF8E,0.522119761,-0.035826016,0.637007833
67d9c6893c81840d1fb03ec6,#4DC7E8,0.185644671,0.207407475,0.258857846
67d9c6893c81840d1fb03ec6,#5E2B3A,-0.174086183,-0.17348519,0.002855445
67d9c6893c81840d1fb03ec6,#5E78A1,0.031158868,0.423003525,0.221104607
67d9c6893c81840d1fb03ec6,#7EC6BA,0.469682455,0.10340666,-0.055034306
67d9c6893c81840d1fb03ec6,#67CF5C,0.615671754,-0.094567463,0.107808508
67d9c6893c81840d1fb03ec6,#73CF10,0.383279353,-0.46455279,0.12923494
67d9c6893c81840d1fb03ec6,#077ACC,-0.01343783,0.286444545,0.006261738
67d9c6893c81840d1fb03ec6,#96C58C,0.733348012,0.008230211,0.197000921
67d9c6893c81840d1fb03ec6,#443B14,0.340159744,0.167722389,-0.402704895
67d9c6893c81840d1fb03ec6,#512D5F,-0.241862282,-0.021596674,0.210534841
67d9c6893c81840d1fb03ec6,#600B84,0.016900999,-0.019932458,0.218660861
67d9c6893c81840d1fb03ec6,#632B14,-0.359221101,-0.241093457,-0.27893272
67d9c6893c81840d1fb03ec6,#746BCA,-0.507441998,0.460776627,-0.07122951
67d9c6893c81840d1fb03ec6,#3518AD,0.386449277,0.430243641,0.432936221
67d9c6893c81840d1fb03ec6,#8558F4,-0.661281407,0.12321417,0.069998302
67d9c6893c81840d1fb03ec6,#55824D,0.679478228,-0.064851619,0.17453745
67d9c6893c81840d1fb03ec6,#72005E,-0.248020723,-0.207413852,0.172099799
67d9c6893c81840d1fb03ec6,#83764C,0.32017827,-0.275249839,-0.241385221
67d9c6893c81840d1fb03ec6,#90689F,-0.915420711,-0.147759974,0.247574463
67d9c6893c81840d1fb03ec6,#184415,0.601197779,-0.15380922,0.353055596
67d9c6893c81840d1fb03ec6,#608218,0.602552712,-0.328292906,-0.0386062
67d9c6893c81840d1fb03ec6,#777777,-0.048050497,0.820197761,-0.250890344
67d9c6893c81840d1fb03ec6,#897618,0.853155196,-0.089144647,-0.528671205
67d9c6893c81840d1fb03ec6,#A0BAE6,0.113599434,0.379663557,0.184906006
67d9c6893c81840d1fb03ec6,#A3C55B,0.269759029,0.013403141,0.187674746
67d9c6893c81840d1fb03ec6,#A553C8,-0.144574225,0.169426739,0.477230251
67d9c6893c81840d1fb03ec6,#A06776,-0.564764202,0.14823781,0.088231571
67d9c6893c81840d1fb03ec6,#A8664B,-0.107158199,-0.018617436,-0.261419773
67d9c6893c81840d1fb03ec6,#AAC510,0.307294399,-0.429162741,-0.033433717
67d9c6893c81840d1fb03ec6,#AC6619,-0.065890759,0.079459183,-0.321440935
67d9c6893c81840d1fb03ec6,#B9B9B9,-0.626542032,0.44626078,0.172367543
67d9c6893c81840d1fb03ec6,#B62EF2,-0.723099828,-0.358997852,0.036164187
67d9c6893c81840d1fb03ec6,#B8509E,-0.462407112,-0.115230106,0.048728846
67d9c6893c81840d1fb03ec6,#C7B88B,0.468542516,0.086112097,-0.33464399
67d9c6893c81840d1fb03ec6,#C34F74,-0.590047538,0.068601951,0.329613507
67d9c6893c81840d1fb03ec6,#C94E4B,-0.373992056,-0.317505181,-0.10097038
67d9c6893c81840d1fb03ec6,#CC4F1B,-0.043298282,-0.25119707,-0.121421367
67d9c6893c81840d1fb03ec6,#CD26C7,-0.485235602,-0.15973039,0.15925993
67d9c6893c81840d1fb03ec6,#D0B85A,0.365767598,0.164792761,-0.319210321
67d9c6893c81840d1fb03ec6,#D5A9E4,-0.575635374,-0.126345456,0.245380238
67d9c6893c81840d1fb03ec6,#D5B811,0.304881752,-0.281009734,-0.179779127
67d9c6893c81840d1fb03ec6,#DB1F9D,-0.218291879,-0.764285505,-0.236225173
67d9c6893c81840d1fb03ec6,#E6A8B7,-0.598611653,0.142425075,-0.043924723
67d9c6893c81840d1fb03ec6,#E31B73,-0.319455236,-0.601508081,-0.147392079
67d9c6893c81840d1fb03ec6,#E81A4B,-0.488368332,-0.659636557,-0.135849193
67d9c6893c81840d1fb03ec6,#EA1D1D,-0.139701054,-0.632682025,-0.327179402
67d9c6893c81840d1fb03ec6,#F1A78A,-0.119110316,0.070838623,-0.035799343
67d9c6893c81840d1fb03ec6,#F7A75A,0.00672181,-0.448640972,0.03890482
67d9c6893c81840d1fb03ec6,#FBA714,-0.115806699,-0.303911746,-0.569307625
67d9c6893c81840d1fb03ec6,#FFFFFF,-0.286397576,1.035882115,-0.51577419
67f56f8eff64f7bfbbb84a80,#000000,-0.010228781,0.230858728,0.048494853
67f56f8eff64f7bfbbb84a80,#0E8A19,0.003545971,-0.096268371,0.146144167
67f56f8eff64f7bfbbb84a80,#1C3D61,-0.110284001,-0.049986597,-0.16031538
67f56f8eff64f7bfbbb84a80,#2E3086,-0.196280807,0.111250177,-0.16080904
67f56f8eff64f7bfbbb84a80,#2F6EF6,-0.314616352,0.025475837,-0.123835817
67f56f8eff64f7bfbbb84a80,#3B3B3B,-0.013570633,0.188886747,-0.120085858
67f56f8eff64f7bfbbb84a80,#3B8378,-0.053177778,0.206254929,-0.097994804
67f56f8eff64f7bfbbb84a80,#4BCF8E,-0.172182634,-0.002417244,0.100260839
67f56f8eff64f7bfbbb84a80,#4DC7E8,-0.157080948,-0.023611188,-0.035648271
67f56f8eff64f7bfbbb84a80,#5E2B3A,0.110939242,0.158361718,-0.035556465
67f56f8eff64f7bfbbb84a80,#5E78A1,-0.13974309,0.030568762,-0.023228688
67f56f8eff64f7bfbbb84a80,#7EC6BA,-0.065183759,0.204990476,-0.141888723
67f56f8eff64f7bfbbb84a80,#67CF5C,0.025447065,-0.011199218,0.216874093
67f56f8eff64f7bfbbb84a80,#73CF10,-0.074296974,-0.230911374,0.034399215
67f56f8eff64f7bfbbb84a80,#077ACC,-0.327808857,-0.135033473,-0.034356736
67f56f8eff64f7bfbbb84a80,#96C58C,-0.044661101,-0.208391964,0.101016723
67f56f8eff64f7bfbbb84a80,#443B14,-0.15518491,0.073738553,0.13681066
67f56f8eff64f7bfbbb84a80,#512D5F,0.233026579,0.0076375,-0.091448203
67f56f8eff64f7bfbbb84a80,#600B84,0.001595483,0.057913419,-0.040155273
67f56f8eff64f7bfbbb84a80,#632B14,0.135768086,-0.080094032,0.11930801
67f56f8eff64f7bfbbb84a80,#746BCA,0.197027639,-0.047486097,-0.081647828
67f56f8eff64f7bfbbb84a80,#3518AD,0.201890796,0.11848098,-0.007524454
67f56f8eff64f7bfbbb84a80,#8558F4,0.25697276,0.026770419,-0.111963429
67f56f8eff64f7bfbbb84a80,#55824D,0.121951148,-0.086987369,0.186096326
67f56f8eff64f7bfbbb84a80,#72005E,0.044246469,-0.145783141,-0.196618646
67f56f8eff64f7bfbbb84a80,#83764C,-0.109658256,-0.028986935,0.094725735
67f56f8eff64f7bfbbb84a80,#90689F,0.059324313,-0.055848382,-0.014658098
67f56f8eff64f7bfbbb84a80,#184415,0.027266774,0.248786598,0.112308607
67f56f8eff64f7bfbbb84a80,#608218,0.106553167,-0.194118351,0.102334961
67f56f8eff64f7bfbbb84a80,#777777,-0.004537623,0.133354068,0.113132738
67f56f8eff64f7bfbbb84a80,#897618,-0.149022996,0.192438886,0.166668817
67f56f8eff64f7bfbbb84a80,#A0BAE6,-0.231026113,0.150065705,0.086947575
67f56f8eff64f7bfbbb84a80,#A3C55B,0.400821149,-0.00257516,0.134551466
67f56f8eff64f7bfbbb84a80,#A553C8,-0.084733494,-0.065373898,-0.109370805
67f56f8eff64f7bfbbb84a80,#A06776,0.086723328,0.022195641,0.011236584
67f56f8eff64f7bfbbb84a80,#A8664B,0.182132229,0.085837707,-0.032033384
67f56f8eff64f7bfbbb84a80,#AAC510,0.088178225,-0.020590216,0.186026171
67f56f8eff64f7bfbbb84a80,#AC6619,-0.107661784,-0.008701148,-0.073718324
67f56f8eff64f7bfbbb84a80,#B9B9B9,-0.071965843,0.124310389,-0.066444121
67f56f8eff64f7bfbbb84a80,#B62EF2,0.266405791,-0.066415392,-0.049977977
67f56f8eff64f7bfbbb84a80,#B8509E,0.094131976,-0.079285696,-0.137728885
67f56f8eff64f7bfbbb84a80,#C7B88B,-0.240748242,-0.063296206,0.022987638
67f56f8eff64f7bfbbb84a80,#C34F74,0.090506665,-0.093243025,-0.043720189
67f56f8eff64f7bfbbb84a80,#C94E4B,0.357436419,0.057944354,-0.020840863
67f56f8eff64f7bfbbb84a80,#CC4F1B,-0.094452813,-0.126895875,0.080784127
67f56f8eff64f7bfbbb84a80,#CD26C7,0.022949809,-0.111103714,-0.042680193
67f56f8eff64f7bfbbb84a80,#D0B85A,-0.116095148,0.04842506,0.013894975
67f56f8eff64f7bfbbb84a80,#D5A9E4,0.179634586,0.039309923,-0.078391545
67f56f8eff64f7bfbbb84a80,#D5B811,-0.221757635,-0.036283992,0.079792745
67f56f8eff64f7bfbbb84a80,#DB1F9D,-0.091852054,0.04359575,-0.1859148
67f56f8eff64f7bfbbb84a80,#E6A8B7,0.130751237,0.011268048,-0.002858768
67f56f8eff64f7bfbbb84a80,#E31B73,0.080168121,-0.029170007,-0.103126802
67f56f8eff64f7bfbbb84a80,#E81A4B,0.064168729,-0.154506385,-0.064839385
67f56f8eff64f7bfbbb84a80,#EA1D1D,0.01120382,-0.33417809,-0.089196801
67f56f8eff64f7bfbbb84a80,#F1A78A,-0.047789253,0.007457441,0.054708071
67f56f8eff64f7bfbbb84a80,#F7A75A,0.062707894,0.10440775,0.116568603
67f56f8eff64f7bfbbb84a80,#FBA714,-0.197578326,-0.216349989,0.037062395
67f56f8eff64f7bfbbb84a80,#FFFFFF,-0.040295247,0.094507001,0.075442538
67e0af3b60229b1343739719,#000000,-1.473157167,0.198781997,-0.164326072
67e0af3b60229b1343739719,#0E8A19,-0.391131103,-0.168028086,-0.092276357
67e0af3b60229b1343739719,#1C3D61,0.294414937,-0.152353749,0.071866825
67e0af3b60229b1343739719,#2E3086,0.213720098,-0.300805062,0.261967093
67e0af3b60229b1343739719,#2F6EF6,0.117505476,-0.263252318,0.263664007
67e0af3b60229b1343739719,#3B3B3B,-0.713910222,0.067426555,-0.313282043
67e0af3b60229b1343739719,#3B8378,-0.141375303,-0.223200381,-0.126895532
67e0af3b60229b1343739719,#4BCF8E,-0.491090477,-0.006288353,-0.240051895
67e0af3b60229b1343739719,#4DC7E8,0.170051679,-0.309508592,0.057650603
67e0af3b60229b1343739719,#5E2B3A,0.2825405,0.208797619,0.094375744
67e0af3b60229b1343739719,#5E78A1,0.144334301,-0.147207499,0.271416932
67e0af3b60229b1343739719,#7EC6BA,-0.067278504,-0.457636714,0.128706485
67e0af3b60229b1343739719,#67CF5C,-0.33660695,-0.212400481,-0.185305044
67e0af3b60229b1343739719,#73CF10,-0.187023908,-0.470455915,0.07912685
67e0af3b60229b1343739719,#077ACC,0.221112981,-0.317368716,0.246837616
67e0af3b60229b1343739719,#96C58C,-0.355488181,-0.094657354,0.222944587
67e0af3b60229b1343739719,#443B14,-0.69973892,0.216074482,-0.21306698
67e0af3b60229b1343739719,#512D5F,0.083929554,0.093260363,-0.151762232
67e0af3b60229b1343739719,#600B84,0.559535146,-0.340377361,-0.142099261
67e0af3b60229b1343739719,#632B14,0.052413683,0.510801256,0.044476345
67e0af3b60229b1343739719,#746BCA,0.145879894,-0.381987542,0.067543194
67e0af3b60229b1343739719,#3518AD,0.494787186,-0.573775113,0.081843719
67e0af3b60229b1343739719,#8558F4,0.248787507,-0.136225238,0.154080793
67e0af3b60229b1343739719,#55824D,-0.501686156,-0.055236459,-0.181000561
67e0af3b60229b1343739719,#72005E,0.657363057,0.000529461,-0.226513192
67e0af3b60229b1343739719,#83764C,-0.404050738,0.21441941,-0.064272873
67e0af3b60229b1343739719,#90689F,0.164048582,0.061215021,-0.103171587
67e0af3b60229b1343739719,#184415,-0.687763631,-0.248614863,-0.392623365
67e0af3b60229b1343739719,#608218,-0.483727604,0.077146709,-0.06883958
67e0af3b60229b1343739719,#777777,-0.257243127,0.100488693,0.66141665
67e0af3b60229b1343739719,#897618,-0.358266264,0.212525532,0.104362845
67e0af3b60229b1343739719,#A0BAE6,0.123585135,-0.172360122,0.258959174
67e0af3b60229b1343739719,#A3C55B,-0.330664366,-0.209886745,-0.196996748
67e0af3b60229b1343739719,#A553C8,0.48410812,-0.241999015,-0.213392422
67e0af3b60229b1343739719,#A06776,0.305626929,-0.025352573,-0.244227752
67e0af3b60229b1343739719,#A8664B,-0.178066462,0.449239016,0.247664034
67e0af3b60229b1343739719,#AAC510,-0.379746079,-0.50502193,0.092449211
67e0af3b60229b1343739719,#AC6619,-0.228727892,0.285325974,0.246501893
67e0af3b60229b1343739719,#B9B9B9,-0.432362974,-0.12202324,0.473234832
67e0af3b60229b1343739719,#B62EF2,0.264208853,-0.466408521,0.207487956
67e0af3b60229b1343739719,#B8509E,0.451777041,-0.040506937,-0.057047687
67e0af3b60229b1343739719,#C7B88B,-0.409497797,0.158310294,-0.127343446
67e0af3b60229b1343739719,#C34F74,0.246571466,0.137922853,-0.268800735
67e0af3b60229b1343739719,#C94E4B,0.175653845,-0.038472556,-0.298183322
67e0af3b60229b1343739719,#CC4F1B,-0.11059434,0.326413393,0.086551152
67e0af3b60229b1343739719,#CD26C7,0.346972853,0.217741951,-0.081702478
67e0af3b60229b1343739719,#D0B85A,-0.297766805,0.052550972,0.091495723
67e0af3b60229b1343739719,#D5A9E4,0.466538966,0.055316932,-0.190129787
67e0af3b60229b1343739719,#D5B811,-0.474251509,0.265646636,0.081879273
67e0af3b60229b1343739719,#DB1F9D,0.42532444,0.208903193,-0.09115921
67e0af3b60229b1343739719,#E6A8B7,0.311041474,-0.19608064,-0.38387394
67e0af3b60229b1343739719,#E31B73,0.879288316,0.13166596,-0.248938128
67e0af3b60229b1343739719,#E81A4B,0.811615288,0.395783484,-0.035019733
67e0af3b60229b1343739719,#EA1D1D,0.75333482,0.544888139,-0.119890526
67e0af3b60229b1343739719,#F1A78A,0.131087705,0.370136946,0.075833879
67e0af3b60229b1343739719,#F7A75A,-0.028242812,0.228908122,0.064533785
67e0af3b60229b1343739719,#FBA714,-0.018670004,0.446866602,0.209598109
67e0af3b60229b1343739719,#FFFFFF,0.4109689,0.640403569,0.273723006
67e0ae1f556191648cf0af89,#000000,-0.185182512,-0.014928,-0.020102551
67e0ae1f556191648cf0af89,#0E8A19,-0.091046661,0.117656276,0.019176608
67e0ae1f556191648cf0af89,#1C3D61,-0.125229269,0.018486852,-0.014856366
67e0ae1f556191648cf0af89,#2E3086,-0.181320861,0.009898584,0.001163563
67e0ae1f556191648cf0af89,#2F6EF6,-0.164174482,-0.050202046,-0.00504683
67e0ae1f556191648cf0af89,#3B3B3B,-0.198847309,-0.027676003,0.001602885
67e0ae1f556191648cf0af89,#3B8378,-0.077232704,-0.007665517,0.012243005
67e0ae1f556191648cf0af89,#4BCF8E,-0.046244405,0.034279503,0.006493594
67e0ae1f556191648cf0af89,#4DC7E8,-0.026356766,0.003124197,-0.018996164
67e0ae1f556191648cf0af89,#5E2B3A,0.022883225,-0.057430826,0.006020576
67e0ae1f556191648cf0af89,#5E78A1,-0.064585716,0.004491241,-0.021365289
67e0ae1f556191648cf0af89,#7EC6BA,-0.055456568,-0.009206997,0.006434582
67e0ae1f556191648cf0af89,#67CF5C,-0.057887051,0.039403353,0.008959473
67e0ae1f556191648cf0af89,#73CF10,-0.053205643,0.066668756,-0.007224729
67e0ae1f556191648cf0af89,#077ACC,-0.05639993,0.010660845,0.001746362
67e0ae1f556191648cf0af89,#96C58C,-0.113320999,0.00947867,0.010400295
67e0ae1f556191648cf0af89,#443B14,-0.116390996,0.152424484,0.001182118
67e0ae1f556191648cf0af89,#512D5F,0.018177893,-0.036379594,-0.038255081
67e0ae1f556191648cf0af89,#600B84,0.098903537,-0.020732382,-0.04382832
67e0ae1f556191648cf0af89,#632B14,0.059874199,0.148053497,-0.08248733
67e0ae1f556191648cf0af89,#746BCA,-0.146494925,0.043817069,-0.00144482
67e0ae1f556191648cf0af89,#3518AD,-0.161056921,-0.039675634,-0.000900093
67e0ae1f556191648cf0af89,#8558F4,-0.067236647,0.017637148,0.005557872
67e0ae1f556191648cf0af89,#55824D,-0.095545843,0.030327879,0.019438375
67e0ae1f556191648cf0af89,#72005E,-0.032837957,-0.013747454,0.010313906
67e0ae1f556191648cf0af89,#83764C,-0.019035771,0.109543793,0.003294573
67e0ae1f556191648cf0af89,#90689F,-0.042182762,-0.0300007,0.003215214
67e0ae1f556191648cf0af89,#184415,-0.175725341,0.020777382,0.004513984
67e0ae1f556191648cf0af89,#608218,-0.103376523,-0.008696398,0.009511184
67e0ae1f556191648cf0af89,#777777,0.169049665,0.012434386,-0.021464156
67e0ae1f556191648cf0af89,#897618,0.164148912,8.27E-05,0.003363422
67e0ae1f556191648cf0af89,#A0BAE6,-0.050672561,-0.019484699,-0.029504653
67e0ae1f556191648cf0af89,#A3C55B,-0.012251209,-0.001639198,0.011693717
67e0ae1f556191648cf0af89,#A553C8,0.000779483,-0.039461304,-0.004329716
67e0ae1f556191648cf0af89,#A06776,0.099489868,-0.059153043,0.002346045
67e0ae1f556191648cf0af89,#A8664B,0.125332534,0.092940807,0.030993994
67e0ae1f556191648cf0af89,#AAC510,0.066764317,0.062657423,0.073180631
67e0ae1f556191648cf0af89,#AC6619,0.229413927,0.055611756,-0.001791957
67e0ae1f556191648cf0af89,#B9B9B9,0.066972665,-0.158178821,-0.001664886
67e0ae1f556191648cf0af89,#B62EF2,-0.080214664,-0.047316041,-0.017546218
67e0ae1f556191648cf0af89,#B8509E,-0.070119441,-0.051258679,-0.008225543
67e0ae1f556191648cf0af89,#C7B88B,0.02393084,0.024448667,0.023338519
67e0ae1f556191648cf0af89,#C34F74,0.014853308,-0.031902764,0.00803387
67e0ae1f556191648cf0af89,#C94E4B,0.091515042,-0.036975484,0.009871381
67e0ae1f556191648cf0af89,#CC4F1B,0.15787138,0.028521881,-0.014850172
67e0ae1f556191648cf0af89,#CD26C7,-0.014906662,-0.067752622,-0.013901509
67e0ae1f556191648cf0af89,#D0B85A,0.140700951,-0.050678175,0.004936217
67e0ae1f556191648cf0af89,#D5A9E4,0.011640221,-0.065860912,-0.010527307
67e0ae1f556191648cf0af89,#D5B811,0.105999522,0.026327634,0.010354668
67e0ae1f556191648cf0af89,#DB1F9D,0.034437835,-0.139218524,0.006951335
67e0ae1f556191648cf0af89,#E6A8B7,0.087571926,-0.017202064,0.000463449
67e0ae1f556191648cf0af89,#E31B73,-0.071007036,-0.093184546,0.030600596
67e0ae1f556191648cf0af89,#E81A4B,0.189703211,-0.00413777,-0.002842596
67e0ae1f556191648cf0af89,#EA1D1D,0.173693016,0.012718515,0.003224892
67e0ae1f556191648cf0af89,#F1A78A,0.115998089,-0.013852404,0.02223552
67e0ae1f556191648cf0af89,#F7A75A,0.103337444,0.055165883,0.011266209
67e0ae1f556191648cf0af89,#FBA714,0.192533523,0.044198778,-0.001933893
67e0ae1f556191648cf0af89,#FFFFFF,0.189969674,-0.038239338,-0.001032476
67d9bdf3d8e3dbc688d969cf,#000000,-0.919130743,0.665174305,0.443919688
67d9bdf3d8e3dbc688d969cf,#0E8A19,0.449976206,0.226044551,-0.220758185
67d9bdf3d8e3dbc688d969cf,#1C3D61,0.092786059,0.267513007,-0.152002066
67d9bdf3d8e3dbc688d969cf,#2E3086,0.398776114,0.461990535,-0.124329463
67d9bdf3d8e3dbc688d969cf,#2F6EF6,0.167254627,0.238712564,-0.192975432
67d9bdf3d8e3dbc688d969cf,#3B3B3B,-0.571366727,0.698372304,0.338019282
67d9bdf3d8e3dbc688d969cf,#3B8378,0.099382244,0.227753609,-0.226950362
67d9bdf3d8e3dbc688d969cf,#4BCF8E,0.477860242,0.084549099,-0.116332226
67d9bdf3d8e3dbc688d969cf,#4DC7E8,0.259760857,0.018343594,0.024053292
67d9bdf3d8e3dbc688d969cf,#5E2B3A,-0.505353808,-0.178615764,-0.074575581
67d9bdf3d8e3dbc688d969cf,#5E78A1,0.20721972,-0.218522951,-0.108937353
67d9bdf3d8e3dbc688d969cf,#7EC6BA,0.417924553,-0.093222722,-0.029476333
67d9bdf3d8e3dbc688d969cf,#67CF5C,0.475346297,0.007701442,-0.067630187
67d9bdf3d8e3dbc688d969cf,#73CF10,0.486151427,0.087369323,-0.170607001
67d9bdf3d8e3dbc688d969cf,#077ACC,0.199368089,0.019157454,-0.011104991
67d9bdf3d8e3dbc688d969cf,#96C58C,0.418683767,0.04885551,-0.051871534
67d9bdf3d8e3dbc688d969cf,#443B14,0.106065862,0.463817924,0.195205256
67d9bdf3d8e3dbc688d969cf,#512D5F,-0.486316204,0.234868214,-0.15369004
67d9bdf3d8e3dbc688d969cf,#600B84,-0.630123913,0.044859793,-0.055583373
67d9bdf3d8e3dbc688d969cf,#632B14,-0.386173189,0.097102106,-0.321243942
67d9bdf3d8e3dbc688d969cf,#746BCA,-0.205352813,-0.12746039,-0.097278424
67d9bdf3d8e3dbc688d969cf,#3518AD,0.101053752,0.335104078,-0.181308314
67d9bdf3d8e3dbc688d969cf,#8558F4,0.198798582,0.118361667,-0.082407713
67d9bdf3d8e3dbc688d969cf,#55824D,0.539207101,0.235193714,-0.190224171
67d9bdf3d8e3dbc688d969cf,#72005E,-0.435357124,-0.171815127,-0.114734702
67d9bdf3d8e3dbc688d969cf,#83764C,-0.25777033,-0.154261738,0.528510273
67d9bdf3d8e3dbc688d969cf,#90689F,-0.288868606,-0.245077491,0.009671152
67d9bdf3d8e3dbc688d969cf,#184415,0.21454522,0.323000997,-0.107749328
67d9bdf3d8e3dbc688d969cf,#608218,0.469670653,0.439085782,-0.133467644
67d9bdf3d8e3dbc688d969cf,#777777,0.778960824,-0.330470175,0.275820345
67d9bdf3d8e3dbc688d969cf,#897618,0.161113322,0.226116046,0.259870857
67d9bdf3d8e3dbc688d969cf,#A0BAE6,0.498211622,-0.296082467,0.15289785
67d9bdf3d8e3dbc688d969cf,#A3C55B,0.622791231,-0.054204222,-0.134931654
67d9bdf3d8e3dbc688d969cf,#A553C8,-0.339691728,-0.076361433,-0.112087376
67d9bdf3d8e3dbc688d969cf,#A06776,0.001224883,-0.238441721,0.001671306
67d9bdf3d8e3dbc688d969cf,#A8664B,-0.266580105,0.014922142,0.172126845
67d9bdf3d8e3dbc688d969cf,#AAC510,0.176726118,0.302043915,0.056990087
67d9bdf3d8e3dbc688d969cf,#AC6619,0.045331035,0.346001238,0.268444598
67d9bdf3d8e3dbc688d969cf,#B9B9B9,0.342534751,-0.45874238,0.131743565
67d9bdf3d8e3dbc688d969cf,#B62EF2,-0.552852452,-0.030767158,-0.154350877
67d9bdf3d8e3dbc688d969cf,#B8509E,-0.453895718,-0.110468119,-0.116385616
67d9bdf3d8e3dbc688d969cf,#C7B88B,0.309359074,-0.359365195,0.352550983
67d9bdf3d8e3dbc688d969cf,#C34F74,-0.392298162,-0.282791048,0.043185219
67d9bdf3d8e3dbc688d969cf,#C94E4B,-0.288392633,-0.204283565,-0.18542932
67d9bdf3d8e3dbc688d969cf,#CC4F1B,-0.212820798,-0.136449903,-0.049702134
67d9bdf3d8e3dbc688d969cf,#CD26C7,-0.380373836,-0.17826964,-0.16015318
67d9bdf3d8e3dbc688d969cf,#D0B85A,0.054018706,-0.249439508,0.284047335
67d9bdf3d8e3dbc688d969cf,#D5A9E4,-0.429773062,-0.098242953,-0.053713206
67d9bdf3d8e3dbc688d969cf,#D5B811,-0.035724171,0.352736235,0.157263547
67d9bdf3d8e3dbc688d969cf,#DB1F9D,-0.383114427,-0.206191748,-0.03537222
67d9bdf3d8e3dbc688d969cf,#E6A8B7,-0.276449859,-0.443644583,0.065500237
67d9bdf3d8e3dbc688d969cf,#E31B73,-0.328776628,-0.303739965,-0.123027079
67d9bdf3d8e3dbc688d969cf,#E81A4B,-0.36835289,-0.105019093,-0.223864928
67d9bdf3d8e3dbc688d969cf,#EA1D1D,-0.384061307,-0.269953936,-0.256528944
67d9bdf3d8e3dbc688d969cf,#F1A78A,-0.210445896,-0.430737674,0.146510571
67d9bdf3d8e3dbc688d969cf,#F7A75A,0.167087212,-0.317303002,0.117660895
67d9bdf3d8e3dbc688d969cf,#FBA714,0.073123097,0.073220611,0.456169724
67d9bdf3d8e3dbc688d969cf,#FFFFFF,0.979103923,-0.288026601,0.108952016
67e0b1b337c7e149a572709c,#000000,-1.583779097,0.162364751,0.131770581
67e0b1b337c7e149a572709c,#0E8A19,-0.181159467,0.381272256,0.086056396
67e0b1b337c7e149a572709c,#1C3D61,-0.739175141,-0.019526148,0.055427041
67e0b1b337c7e149a572709c,#2E3086,-0.745879292,-0.192384809,0.122259669
67e0b1b337c7e149a572709c,#2F6EF6,-0.59681946,-0.131014317,0.217167944
67e0b1b337c7e149a572709c,#3B3B3B,-0.910198212,-0.197697282,0.075420029
67e0b1b337c7e149a572709c,#3B8378,-0.393095016,0.015300598,-0.042858001
67e0b1b337c7e149a572709c,#4BCF8E,-0.037361264,0.529838622,0.094663061
67e0b1b337c7e149a572709c,#4DC7E8,-0.475866556,0.020173594,-0.13074398
67e0b1b337c7e149a572709c,#5E2B3A,0.41844523,-0.540769994,0.092019022
67e0b1b337c7e149a572709c,#5E78A1,-0.638565302,-0.169286296,-0.025505219
67e0b1b337c7e149a572709c,#7EC6BA,-0.544049978,-0.006928409,-0.10114751
67e0b1b337c7e149a572709c,#67CF5C,-0.215806141,0.494008183,0.203576133
67e0b1b337c7e149a572709c,#73CF10,-0.064336561,0.683687925,0.148157582
67e0b1b337c7e149a572709c,#077ACC,-0.582106888,-0.165281251,0.025873564
67e0b1b337c7e149a572709c,#96C58C,-0.223167151,0.43990019,0.141573027
67e0b1b337c7e149a572709c,#443B14,0.782429576,0.728956461,0.270078063
67e0b1b337c7e149a572709c,#512D5F,-0.267781824,-0.487524271,-0.041591551
67e0b1b337c7e149a572709c,#600B84,-0.138973072,-0.440026551,0.042022958
67e0b1b337c7e149a572709c,#632B14,0.730926394,-0.417081773,0.047068674
67e0b1b337c7e149a572709c,#746BCA,-0.270497829,-0.266867936,-0.065843791
67e0b1b337c7e149a572709c,#3518AD,-0.747031271,-0.256204933,-0.01153162
67e0b1b337c7e149a572709c,#8558F4,-0.296643347,-0.269940376,-0.057526249
67e0b1b337c7e149a572709c,#55824D,-0.182793647,0.536393404,-0.080937266
67e0b1b337c7e149a572709c,#72005E,-0.059898078,-0.458236068,0.036925156
67e0b1b337c7e149a572709c,#83764C,0.490377486,0.531336963,0.082670517
67e0b1b337c7e149a572709c,#90689F,-0.097955182,-0.202866107,-0.109777242
67e0b1b337c7e149a572709c,#184415,-0.951624215,0.588805258,0.21459116
67e0b1b337c7e149a572709c,#608218,-0.115544572,0.549777746,0.092799418
67e0b1b337c7e149a572709c,#777777,-0.640896916,-0.094084218,-0.235723972
67e0b1b337c7e149a572709c,#897618,0.401727647,0.358800828,0.031302385
67e0b1b337c7e149a572709c,#A0BAE6,-0.63163507,-0.091449663,-0.205464348
67e0b1b337c7e149a572709c,#A3C55B,0.118512042,0.689480245,0.050561499
67e0b1b337c7e149a572709c,#A553C8,0.310735673,-0.237562433,0.006967362
67e0b1b337c7e149a572709c,#A06776,0.154443175,-0.397601396,-0.194144905
67e0b1b337c7e149a572709c,#A8664B,0.553194702,0.006535191,0.061470266
67e0b1b337c7e149a572709c,#AAC510,0.103134498,0.51021409,0.077236958
67e0b1b337c7e149a572709c,#AC6619,0.59551388,0.326866746,0.041555535
67e0b1b337c7e149a572709c,#B9B9B9,0.501398742,0.406254709,-0.243194625
67e0b1b337c7e149a572709c,#B62EF2,-0.011134369,-0.550529063,0.152802736
67e0b1b337c7e149a572709c,#B8509E,0.145368144,-0.531049192,-0.151175335
67e0b1b337c7e149a572709c,#C7B88B,0.408663809,0.314110398,0.018000482
67e0b1b337c7e149a572709c,#C34F74,0.451483905,-0.274373353,-0.001026521
67e0b1b337c7e149a572709c,#C94E4B,0.431648582,-0.288718015,-0.02712659
67e0b1b337c7e149a572709c,#CC4F1B,0.521306694,-0.201163709,0.00563408
67e0b1b337c7e149a572709c,#CD26C7,0.2947613,-0.558192134,-0.088765733
67e0b1b337c7e149a572709c,#D0B85A,0.535105467,0.337674975,0.016083449
67e0b1b337c7e149a572709c,#D5A9E4,-0.031905413,-0.389088452,-8.78E-05
67e0b1b337c7e149a572709c,#D5B811,0.728157938,0.099787369,0.070327438
67e0b1b337c7e149a572709c,#DB1F9D,0.298261076,-0.628356636,-0.009399843
67e0b1b337c7e149a572709c,#E6A8B7,0.380773455,-0.336534083,-0.050057456
67e0b1b337c7e149a572709c,#E31B73,0.105688535,-0.361355186,-0.10426411
67e0b1b337c7e149a572709c,#E81A4B,0.542136848,-0.415644765,-0.016859589
67e0b1b337c7e149a572709c,#EA1D1D,0.583768308,-0.406640887,0.028907679
67e0b1b337c7e149a572709c,#F1A78A,0.417782962,-0.234284088,-0.044197761
67e0b1b337c7e149a572709c,#F7A75A,0.578533888,0.112319738,0.014189685
67e0b1b337c7e149a572709c,#FBA714,0.820045531,0.29053247,0.13719286
67e0b1b337c7e149a572709c,#FFFFFF,-0.02864592,1.103871107,-0.853401363
67d9c694799b4289cf3ea52c,#000000,-0.325134724,0.002411087,-0.000222195
67d9c694799b4289cf3ea52c,#0E8A19,-0.154915467,0.00416355,0.000463473
67d9c694799b4289cf3ea52c,#1C3D61,-0.377116978,-0.004058986,-0.000989301
67d9c694799b4289cf3ea52c,#2E3086,-0.306375861,-0.00214499,0.000145751
67d9c694799b4289cf3ea52c,#2F6EF6,-0.0924621,-0.013181838,0.00064159
67d9c694799b4289cf3ea52c,#3B3B3B,-0.400237888,0.000760056,-0.000207196
67d9c694799b4289cf3ea52c,#3B8378,-0.050641879,0.029242106,0.004804105
67d9c694799b4289cf3ea52c,#4BCF8E,0.326529831,0.005578889,6.71E-06
67d9c694799b4289cf3ea52c,#4DC7E8,0.159923896,-0.001339713,0.000784503
67d9c694799b4289cf3ea52c,#5E2B3A,-0.444548458,-0.004646653,-0.001693567
67d9c694799b4289cf3ea52c,#5E78A1,-0.097113311,0.000427425,0.006775795
67d9c694799b4289cf3ea52c,#7EC6BA,0.311935127,-0.002582334,-0.000254517
67d9c694799b4289cf3ea52c,#67CF5C,0.219496146,0.005831332,-0.004191948
67d9c694799b4289cf3ea52c,#73CF10,0.216497242,0.013144021,-0.001078076
67d9c694799b4289cf3ea52c,#077ACC,-0.08375778,-0.014986892,0.004062419
67d9c694799b4289cf3ea52c,#96C58C,0.336347789,-0.004375966,0.000900672
67d9c694799b4289cf3ea52c,#443B14,-0.360037833,0.004292235,-0.00202736
67d9c694799b4289cf3ea52c,#512D5F,-0.389721811,-0.001863014,9.56E-05
67d9c694799b4289cf3ea52c,#600B84,-0.332483023,0.002197978,0.000359505
67d9c694799b4289cf3ea52c,#632B14,-0.333883673,0.001433653,-0.002289973
67d9c694799b4289cf3ea52c,#746BCA,-0.19108288,-0.012766154,0.000577315
67d9c694799b4289cf3ea52c,#3518AD,-0.364755273,-0.004960268,-0.002025882
67d9c694799b4289cf3ea52c,#8558F4,-0.060649518,-0.032631636,-0.000474461
67d9c694799b4289cf3ea52c,#55824D,-0.114875436,0.013916916,0.003155913
67d9c694799b4289cf3ea52c,#72005E,-0.282298952,-0.003382095,0.000599684
67d9c694799b4289cf3ea52c,#83764C,-0.112599604,0.018373886,0.000439069
67d9c694799b4289cf3ea52c,#90689F,-0.084109657,-0.019852297,0.005907723
67d9c694799b4289cf3ea52c,#184415,-0.330987841,-0.00697831,-0.000514182
67d9c694799b4289cf3ea52c,#608218,-0.167128712,0.002364736,-0.002069136
67d9c694799b4289cf3ea52c,#777777,-0.095455371,0.008827381,0.001118199
67d9c694799b4289cf3ea52c,#897618,-0.027746711,0.011213917,-0.002761841
67d9c694799b4289cf3ea52c,#A0BAE6,0.363690138,-0.005032985,0.000901864
67d9c694799b4289cf3ea52c,#A3C55B,0.238966867,0.006730442,-0.002081735
67d9c694799b4289cf3ea52c,#A553C8,0.168158978,-0.003057116,0.000792782
67d9c694799b4289cf3ea52c,#A06776,-0.121463001,0.009888222,-0.000496319
67d9c694799b4289cf3ea52c,#A8664B,-0.079117015,0.013554273,-0.001712186
67d9c694799b4289cf3ea52c,#AAC510,0.244757399,0.012478658,-0.002435933
67d9c694799b4289cf3ea52c,#AC6619,-0.092000127,0.050403029,-0.002663808
67d9c694799b4289cf3ea52c,#B9B9B9,0.295752138,0.001200882,-0.000273505
67d9c694799b4289cf3ea52c,#B62EF2,0.009673725,-0.021620307,0.003855202
67d9c694799b4289cf3ea52c,#B8509E,0.078745574,-0.045585278,-0.008127247
67d9c694799b4289cf3ea52c,#C7B88B,0.304291606,-0.005516045,0.002137725
67d9c694799b4289cf3ea52c,#C34F74,0.058253694,0.000459548,0.001330194
67d9c694799b4289cf3ea52c,#C94E4B,-0.030994795,0.007580081,0.001085811
67d9c694799b4289cf3ea52c,#CC4F1B,0.037777357,-0.00355526,-0.001732122
67d9c694799b4289cf3ea52c,#CD26C7,0.085372031,-0.017661473,0.004985628
67d9c694799b4289cf3ea52c,#D0B85A,0.3298994,0.002175734,-0.001173133
67d9c694799b4289cf3ea52c,#D5A9E4,0.286453813,-0.009770919,0.002487792
67d9c694799b4289cf3ea52c,#D5B811,0.18554081,0.008437805,-0.00042524
67d9c694799b4289cf3ea52c,#DB1F9D,0.095257275,5.06E-06,0.010189722
67d9c694799b4289cf3ea52c,#E6A8B7,0.34633702,-0.005573557,0.00114102
67d9c694799b4289cf3ea52c,#E31B73,0.014698098,0.00111515,-4.45E-05
67d9c694799b4289cf3ea52c,#E81A4B,0.023029963,0.008557103,0.001014329
67d9c694799b4289cf3ea52c,#EA1D1D,-0.025466673,-0.019034628,-0.008620576
67d9c694799b4289cf3ea52c,#F1A78A,0.316766918,0.000783346,-0.001340016
67d9c694799b4289cf3ea52c,#F7A75A,0.170548066,0.007351263,-0.001725747
67d9c694799b4289cf3ea52c,#FBA714,0.166296422,0.013696683,-0.005501244
67d9c694799b4289cf3ea52c,#FFFFFF,0.538166046,-0.002437738,-0.001607113
67e0a251f09b24ae40333479,#000000,0.047772609,0.223367035,-0.136875451
67e0a251f09b24ae40333479,#0E8A19,0.129977837,0.030882863,0.0553018
67e0a251f09b24ae40333479,#1C3D61,-0.10635218,-0.063412085,-0.031550203
67e0a251f09b24ae40333479,#2E3086,-0.03813744,0.018118933,-0.040739048
67e0a251f09b24ae40333479,#2F6EF6,0.026686803,-0.094829664,0.007259172
67e0a251f09b24ae40333479,#3B3B3B,-0.14784424,0.191665217,0.067944959
67e0a251f09b24ae40333479,#3B8378,0.160580471,0.093720794,-0.035360936
67e0a251f09b24ae40333479,#4BCF8E,0.164153546,0.082736753,0.008426085
67e0a251f09b24ae40333479,#4DC7E8,0.102123201,-0.183581978,-0.045482695
67e0a251f09b24ae40333479,#5E2B3A,-0.144225255,-0.046974082,0.004046322
67e0a251f09b24ae40333479,#5E78A1,-0.051553547,0.098942153,0.047178131
67e0a251f09b24ae40333479,#7EC6BA,0.084230639,0.086916283,-0.045414437
67e0a251f09b24ae40333479,#67CF5C,0.193082437,-0.058522973,0.02055819
67e0a251f09b24ae40333479,#73CF10,0.021335334,0.123278327,-0.041279025
67e0a251f09b24ae40333479,#077ACC,0.07034006,-0.013773208,-0.00175865
67e0a251f09b24ae40333479,#96C58C,0.004269443,-0.093230598,0.056469936
67e0a251f09b24ae40333479,#443B14,-0.101849161,0.100930996,0.04386127
67e0a251f09b24ae40333479,#512D5F,-0.184464872,-0.02219215,0.004392679
67e0a251f09b24ae40333479,#600B84,-0.100509651,0.10506539,0.004016058
67e0a251f09b24ae40333479,#632B14,-0.210863635,0.058478031,-0.030359391
67e0a251f09b24ae40333479,#746BCA,-0.061321691,0.109251626,0.049504533
67e0a251f09b24ae40333479,#3518AD,0.060864203,0.177030236,-0.057406276
67e0a251f09b24ae40333479,#8558F4,0.011916735,-0.072807707,0.01843586
67e0a251f09b24ae40333479,#55824D,0.140814826,0.026506864,0.015533642
67e0a251f09b24ae40333479,#72005E,-0.139781192,0.010914115,-0.028836822
67e0a251f09b24ae40333479,#83764C,-0.156093851,-0.018839002,-0.031930536
67e0a251f09b24ae40333479,#90689F,0.021672081,0.052418817,-0.005959103
67e0a251f09b24ae40333479,#184415,-0.054294348,0.133392841,0.073893741
67e0a251f09b24ae40333479,#608218,0.048968248,0.000868796,0.026860638
67e0a251f09b24ae40333479,#777777,-0.033190466,0.047335144,0.276564837
67e0a251f09b24ae40333479,#897618,0.029054314,0.073084615,0.025747694
67e0a251f09b24ae40333479,#A0BAE6,0.024463169,-0.166951999,0.059810493
67e0a251f09b24ae40333479,#A3C55B,0.127520695,0.000181798,-0.006425407
67e0a251f09b24ae40333479,#A553C8,-0.034189098,0.033192933,-0.018160593
67e0a251f09b24ae40333479,#A06776,0.024332322,-0.060247388,-0.018928507
67e0a251f09b24ae40333479,#A8664B,0.08943069,0.02074041,0.039795797
67e0a251f09b24ae40333479,#AAC510,-0.075184591,-0.08833053,0.110823467
67e0a251f09b24ae40333479,#AC6619,0.087250933,-0.012425462,0.006887535
67e0a251f09b24ae40333479,#B9B9B9,0.035674363,-0.195622146,0.066440627
67e0a251f09b24ae40333479,#B62EF2,0.023816653,0.004709837,-0.028428826
67e0a251f09b24ae40333479,#B8509E,0.017505169,-0.042087287,0.00656058
67e0a251f09b24ae40333479,#C7B88B,0.017561615,-0.144183904,-0.113472074
67e0a251f09b24ae40333479,#C34F74,-0.002129205,-0.062845819,-0.007388805
67e0a251f09b24ae40333479,#C94E4B,-0.0280369,0.001669747,-0.030953117
67e0a251f09b24ae40333479,#CC4F1B,0.046608921,0.073570505,0.040982246
67e0a251f09b24ae40333479,#CD26C7,0.012960275,0.056182753,0.001477187
67e0a251f09b24ae40333479,#D0B85A,0.029822055,-0.070602201,-0.050081644
67e0a251f09b24ae40333479,#D5A9E4,0.013281026,-0.146553829,0.043787636
67e0a251f09b24ae40333479,#D5B811,-0.059190512,-0.066225938,-0.224463701
67e0a251f09b24ae40333479,#DB1F9D,-0.041073091,0.037889883,-0.040545918
67e0a251f09b24ae40333479,#E6A8B7,0.038481865,-0.077677354,0.005114278
67e0a251f09b24ae40333479,#E31B73,0.023424003,-0.06208799,-0.010841653
67e0a251f09b24ae40333479,#E81A4B,0.009066388,-0.024406632,0.045945607
67e0a251f09b24ae40333479,#EA1D1D,-0.059138369,-0.06460572,0.018147858
67e0a251f09b24ae40333479,#F1A78A,0.058137387,-0.060386382,-0.047119167
67e0a251f09b24ae40333479,#F7A75A,0.096491478,-0.082297184,-0.011390272
67e0a251f09b24ae40333479,#FBA714,0.071930073,0.132962003,-0.05739066
67e0a251f09b24ae40333479,#FFFFFF,-0.336178482,-0.110304467,-0.053225972
67cf7a6cdf2474400a53f92e,#000000,-0.005046975,-0.077999793,0.070906378
67cf7a6cdf2474400a53f92e,#0E8A19,-0.656909883,-0.17167601,0.093863524
67cf7a6cdf2474400a53f92e,#1C3D61,-0.262110144,0.522648335,-0.158374459
67cf7a6cdf2474400a53f92e,#2E3086,0.2022717,0.585653007,0.223912314
67cf7a6cdf2474400a53f92e,#2F6EF6,-0.108758554,0.338387996,0.030039495
67cf7a6cdf2474400a53f92e,#3B3B3B,0.104809843,0.058640741,0.067599252
67cf7a6cdf2474400a53f92e,#3B8378,-0.531443059,0.055947155,-0.028410189
67cf7a6cdf2474400a53f92e,#4BCF8E,-0.918013632,0.238965213,-0.037737243
67cf7a6cdf2474400a53f92e,#4DC7E8,-0.494940728,0.990484774,-0.066469826
67cf7a6cdf2474400a53f92e,#5E2B3A,0.568537712,-0.150487497,0.042904399
67cf7a6cdf2474400a53f92e,#5E78A1,-0.107002608,0.529259622,-0.099430844
67cf7a6cdf2474400a53f92e,#7EC6BA,-0.520039141,0.180120811,-0.11809814
67cf7a6cdf2474400a53f92e,#67CF5C,-0.716476142,-0.144603461,0.079192691
67cf7a6cdf2474400a53f92e,#73CF10,-0.764312506,-0.19329983,0.14273037
67cf7a6cdf2474400a53f92e,#077ACC,-0.663747132,0.362656504,-0.042012319
67cf7a6cdf2474400a53f92e,#96C58C,-0.451003999,-0.043410793,0.23707065
67cf7a6cdf2474400a53f92e,#443B14,-0.237703562,-0.47450918,0.185099646
67cf7a6cdf2474400a53f92e,#512D5F,0.31712693,0.049090929,0.203603968
67cf7a6cdf2474400a53f92e,#600B84,0.409402162,0.158909291,-0.195958704
67cf7a6cdf2474400a53f92e,#632B14,0.522619963,-0.276744187,-0.306416184
67cf7a6cdf2474400a53f92e,#746BCA,0.118061714,0.17366603,-0.05947803
67cf7a6cdf2474400a53f92e,#3518AD,0.021599842,0.581344306,0.110818103
67cf7a6cdf2474400a53f92e,#8558F4,0.320452958,0.121730417,-0.156413823
67cf7a6cdf2474400a53f92e,#55824D,-0.628612161,-0.268514186,0.054430425
67cf7a6cdf2474400a53f92e,#72005E,0.426918149,0.278399944,0.191848397
67cf7a6cdf2474400a53f92e,#83764C,0.015004504,-0.154562607,0.170915067
67cf7a6cdf2474400a53f92e,#90689F,0.682886064,0.080898315,0.152819842
67cf7a6cdf2474400a53f92e,#184415,-0.860400319,-0.356995344,0.200384021
67cf7a6cdf2474400a53f92e,#608218,-0.873607755,-0.006176689,0.03123459
67cf7a6cdf2474400a53f92e,#777777,-0.045228895,0.002381066,-0.058535315
67cf7a6cdf2474400a53f92e,#897618,-0.394370437,-0.368329018,-0.003839003
67cf7a6cdf2474400a53f92e,#A0BAE6,-0.177624479,0.592301011,-0.177270398
67cf7a6cdf2474400a53f92e,#A3C55B,-0.615938663,-0.122715764,0.043230489
67cf7a6cdf2474400a53f92e,#A553C8,0.485339671,0.176452547,0.051978752
67cf7a6cdf2474400a53f92e,#A06776,0.310320973,0.052048862,-0.027490629
67cf7a6cdf2474400a53f92e,#A8664B,0.149941608,-0.228984833,-0.386268526
67cf7a6cdf2474400a53f92e,#AAC510,0.010037211,-0.419302583,-0.030368885
67cf7a6cdf2474400a53f92e,#AC6619,0.117472798,-0.375610232,-0.192336857
67cf7a6cdf2474400a53f92e,#B9B9B9,-0.071531124,0.168713734,0.166306615
67cf7a6cdf2474400a53f92e,#B62EF2,0.709649265,0.204659998,0.201854602
67cf7a6cdf2474400a53f92e,#B8509E,0.573932886,0.13213174,0.150016785
67cf7a6cdf2474400a53f92e,#C7B88B,-0.169530243,0.04056666,-0.122838736
67cf7a6cdf2474400a53f92e,#C34F74,0.695706308,-0.03042974,0.135459289
67cf7a6cdf2474400a53f92e,#C94E4B,0.585192978,-0.508893073,-0.068347126
67cf7a6cdf2474400a53f92e,#CC4F1B,-0.008723648,-0.658388674,0.061767824
67cf7a6cdf2474400a53f92e,#CD26C7,0.706143558,0.268026978,0.022100637
67cf7a6cdf2474400a53f92e,#D0B85A,-0.098432332,-0.04202605,-0.20096606
67cf7a6cdf2474400a53f92e,#D5A9E4,0.24235642,0.042027183,-0.125179335
67cf7a6cdf2474400a53f92e,#D5B811,-0.183922619,-0.096673936,-0.301478505
67cf7a6cdf2474400a53f92e,#DB1F9D,0.639485061,0.087467812,0.161747679
67cf7a6cdf2474400a53f92e,#E6A8B7,0.372009814,-0.005102526,-0.018778911
67cf7a6cdf2474400a53f92e,#E31B73,0.744768858,0.050524294,0.173370793
67cf7a6cdf2474400a53f92e,#E81A4B,0.615283132,-0.329009056,-0.163300231
67cf7a6cdf2474400a53f92e,#EA1D1D,0.652942419,-0.373249024,-0.109624401
67cf7a6cdf2474400a53f92e,#F1A78A,-0.071143381,-0.030363142,-0.314862639
67cf7a6cdf2474400a53f92e,#F7A75A,-0.254199564,-0.513222277,0.069604203
67cf7a6cdf2474400a53f92e,#FBA714,-0.125354066,-0.725997508,0.080694512
67cf7a6cdf2474400a53f92e,#FFFFFF,-0.304147899,0.023171941,-0.037220232
67f57995d52718a363682aaa,#000000,0.331775755,0.217162356,0.079208463
67f57995d52718a363682aaa,#0E8A19,0.34940818,-0.150851652,0.105931491
67f57995d52718a363682aaa,#1C3D61,0.203611746,0.189313471,-0.057116501
67f57995d52718a363682aaa,#2E3086,0.188228026,0.168921918,0.176823467
67f57995d52718a363682aaa,#2F6EF6,0.280865312,-0.260873914,0.232301712
67f57995d52718a363682aaa,#3B3B3B,0.247429073,0.078822151,0.160699666
67f57995d52718a363682aaa,#3B8378,0.242104307,0.02718506,-0.129772648
67f57995d52718a363682aaa,#4BCF8E,0.2549119,-0.237970248,0.085195675
67f57995d52718a363682aaa,#4DC7E8,0.302418917,0.164413705,0.125202432
67f57995d52718a363682aaa,#5E2B3A,-0.250415027,0.253107071,0.015945164
67f57995d52718a363682aaa,#5E78A1,0.111413106,0.14324905,0.016316108
67f57995d52718a363682aaa,#7EC6BA,0.263225734,0.126403123,-0.254719108
67f57995d52718a363682aaa,#67CF5C,0.349289,-0.24463585,0.079992749
67f57995d52718a363682aaa,#73CF10,0.175253287,-0.398706138,0.116106205
67f57995d52718a363682aaa,#077ACC,0.339107573,0.043450736,-0.080153406
67f57995d52718a363682aaa,#96C58C,0.33523953,-0.198399052,0.091570251
67f57995d52718a363682aaa,#443B14,0.207549363,0.354185522,-0.166108251
67f57995d52718a363682aaa,#512D5F,-0.02580272,0.247234583,0.003469894
67f57995d52718a363682aaa,#600B84,-0.320013702,0.277449608,0.121251024
67f57995d52718a363682aaa,#632B14,-0.022178467,0.411112756,-0.193804696
67f57995d52718a363682aaa,#746BCA,0.019225555,0.192713156,0.038094983
67f57995d52718a363682aaa,#3518AD,0.253952771,0.233405441,0.137008905
67f57995d52718a363682aaa,#8558F4,0.023105577,0.208498493,0.10565003
67f57995d52718a363682aaa,#55824D,0.359164774,0.001127908,0.061791517
67f57995d52718a363682aaa,#72005E,-0.380023122,0.170853823,0.1084169
67f57995d52718a363682aaa,#83764C,0.131406322,-0.000858677,-0.128865048
67f57995d52718a363682aaa,#90689F,-0.12958774,0.09727332,0.001883003
67f57995d52718a363682aaa,#184415,0.380919516,0.272465378,0.046658877
67f57995d52718a363682aaa,#608218,0.065467522,-0.154817894,0.108193919
67f57995d52718a363682aaa,#777777,0.106785245,0.101032548,-0.010868075
67f57995d52718a363682aaa,#897618,0.095191255,-0.187971994,-0.035350893
67f57995d52718a363682aaa,#A0BAE6,0.081207439,0.010892409,-0.044736475
67f57995d52718a363682aaa,#A3C55B,0.299693733,-0.119063325,0.130168423
67f57995d52718a363682aaa,#A553C8,-0.126227215,-0.026424706,-0.009492368
67f57995d52718a363682aaa,#A06776,-0.180254459,0.067885295,0.008874146
67f57995d52718a363682aaa,#A8664B,-0.073167942,0.061473083,-0.194446161
67f57995d52718a363682aaa,#AAC510,0.443464637,-0.26883921,-0.120944671
67f57995d52718a363682aaa,#AC6619,0.312584639,-0.013537778,-0.001073841
67f57995d52718a363682aaa,#B9B9B9,0.121061608,0.010209515,-0.106840745
67f57995d52718a363682aaa,#B62EF2,-0.318192571,0.09260796,-0.012946312
67f57995d52718a363682aaa,#B8509E,-0.217432857,-0.040596571,0.048058644
67f57995d52718a363682aaa,#C7B88B,0.159701392,-0.162193775,-0.070073657
67f57995d52718a363682aaa,#C34F74,-0.378073752,0.056598801,0.048177935
67f57995d52718a363682aaa,#C94E4B,-0.444692105,-0.226935938,0.020810595
67f57995d52718a363682aaa,#CC4F1B,-0.147753552,0.147810757,-0.295924634
67f57995d52718a363682aaa,#CD26C7,-0.537083924,0.047227718,0.113120571
67f57995d52718a363682aaa,#D0B85A,0.115463331,-0.249419466,-0.051301986
67f57995d52718a363682aaa,#D5A9E4,-0.33648181,0.067326896,0.081063755
67f57995d52718a363682aaa,#D5B811,-0.277916789,-0.349794418,-0.309338003
67f57995d52718a363682aaa,#DB1F9D,-0.533532977,-0.195552021,0.142906949
67f57995d52718a363682aaa,#E6A8B7,-0.261871457,0.05589487,-0.022872387
67f57995d52718a363682aaa,#E31B73,-0.573330224,0.024997361,0.084888972
67f57995d52718a363682aaa,#E81A4B,-0.738421023,-0.381238937,0.06101694
67f57995d52718a363682aaa,#EA1D1D,-0.542992234,0.272829324,0.031744272
67f57995d52718a363682aaa,#F1A78A,-0.226758435,-0.262158066,-0.062690832
67f57995d52718a363682aaa,#F7A75A,0.103900455,-0.333934814,-0.013992904
67f57995d52718a363682aaa,#FBA714,-0.170295477,-0.239732027,-0.189535022
67f57995d52718a363682aaa,#FFFFFF,-0.0416262,-0.190628588,-0.22557497
67e0acaed1cbc2ee0ff36280,#000000,0.120645717,0.339222431,0.105114363
67e0acaed1cbc2ee0ff36280,#0E8A19,0.278971612,-0.021483509,-0.018973047
67e0acaed1cbc2ee0ff36280,#1C3D61,0.127716437,0.088653751,-0.078377031
67e0acaed1cbc2ee0ff36280,#2E3086,0.141934693,0.031110615,-0.023711946
67e0acaed1cbc2ee0ff36280,#2F6EF6,0.162480175,0.074984692,-0.014419621
67e0acaed1cbc2ee0ff36280,#3B3B3B,0.072112367,0.344035685,0.112041369
67e0acaed1cbc2ee0ff36280,#3B8378,0.111934245,-0.052258644,-0.021102391
67e0acaed1cbc2ee0ff36280,#4BCF8E,0.199939951,-0.000875016,-0.029026503
67e0acaed1cbc2ee0ff36280,#4DC7E8,0.178481951,-0.038768496,0.002218636
67e0acaed1cbc2ee0ff36280,#5E2B3A,-0.130673483,0.055296477,-0.005574228
67e0acaed1cbc2ee0ff36280,#5E78A1,0.009299625,-0.039447851,0.032207839
67e0acaed1cbc2ee0ff36280,#7EC6BA,0.116265193,-0.050612744,-0.016791243
67e0acaed1cbc2ee0ff36280,#67CF5C,0.147419631,0.050584584,-0.099505194
67e0acaed1cbc2ee0ff36280,#73CF10,0.224621117,-0.033809118,-0.015381997
67e0acaed1cbc2ee0ff36280,#077ACC,0.121077716,0.011225109,0.001738221
67e0acaed1cbc2ee0ff36280,#96C58C,0.169552788,0.010494691,-0.008118826
67e0acaed1cbc2ee0ff36280,#443B14,0.174060047,-0.045731951,0.010262798
67e0acaed1cbc2ee0ff36280,#512D5F,-0.126675829,0.047890946,-0.03970778
67e0acaed1cbc2ee0ff36280,#600B84,-0.168553054,0.101150997,-0.050529838
67e0acaed1cbc2ee0ff36280,#632B14,-0.13729991,0.120440461,0.005966392
67e0acaed1cbc2ee0ff36280,#746BCA,-0.017126095,0.077952951,-0.04950729
67e0acaed1cbc2ee0ff36280,#3518AD,0.094566137,0.021406384,-0.006857162
67e0acaed1cbc2ee0ff36280,#8558F4,-0.012430442,0.080922447,-0.016280796
67e0acaed1cbc2ee0ff36280,#55824D,0.179565638,-0.0332205,0.000420046
67e0acaed1cbc2ee0ff36280,#72005E,-0.080725849,0.047594868,-0.019279206
67e0acaed1cbc2ee0ff36280,#83764C,0.008168695,-0.151241124,0.033057854
67e0acaed1cbc2ee0ff36280,#90689F,-0.056205764,0.060304657,-0.01777271
67e0acaed1cbc2ee0ff36280,#184415,0.309063017,-0.018088,0.003047452
67e0acaed1cbc2ee0ff36280,#608218,0.158109471,-0.007691303,-0.002964543
67e0acaed1cbc2ee0ff36280,#777777,0.096300334,0.05505202,0.045711298
67e0acaed1cbc2ee0ff36280,#897618,0.158572018,-0.106929399,0.008113784
67e0acaed1cbc2ee0ff36280,#A0BAE6,0.048639942,-0.016756952,0.028734682
67e0acaed1cbc2ee0ff36280,#A3C55B,0.0187611,-0.158088222,-0.028531378
67e0acaed1cbc2ee0ff36280,#A553C8,-0.061045069,0.081231594,-0.024112003
67e0acaed1cbc2ee0ff36280,#A06776,-0.170594946,0.056803025,-0.019231804
67e0acaed1cbc2ee0ff36280,#A8664B,-0.139670208,-0.124771796,0.053966664
67e0acaed1cbc2ee0ff36280,#AAC510,0.133630246,-0.173613906,0.036682434
67e0acaed1cbc2ee0ff36280,#AC6619,-0.162931904,-0.101434611,0.03594083
67e0acaed1cbc2ee0ff36280,#B9B9B9,0.104417518,-0.078611828,0.049141053
67e0acaed1cbc2ee0ff36280,#B62EF2,-0.079573333,0.022821698,-0.015841914
67e0acaed1cbc2ee0ff36280,#B8509E,-0.13741003,0.055731162,-0.026614841
67e0acaed1cbc2ee0ff36280,#C7B88B,-0.008716171,-0.094621427,0.036313113
67e0acaed1cbc2ee0ff36280,#C34F74,-0.168268442,0.032014608,-0.014466634
67e0acaed1cbc2ee0ff36280,#C94E4B,-0.18582198,-0.058769036,0.014588143
67e0acaed1cbc2ee0ff36280,#CC4F1B,-0.253488719,-0.001244339,0.006363992
67e0acaed1cbc2ee0ff36280,#CD26C7,-0.15103218,-0.013512685,-0.003933473
67e0acaed1cbc2ee0ff36280,#D0B85A,-0.04018886,-0.164466292,0.010580392
67e0acaed1cbc2ee0ff36280,#D5A9E4,-0.013973057,0.061335422,-0.023965722
67e0acaed1cbc2ee0ff36280,#D5B811,-0.017268732,-0.043029655,0.036050837
67e0acaed1cbc2ee0ff36280,#DB1F9D,-0.21539478,0.027716056,-0.024755757
67e0acaed1cbc2ee0ff36280,#E6A8B7,-0.105552241,0.013502771,-0.025358425
67e0acaed1cbc2ee0ff36280,#E31B73,-0.172598273,0.025552504,-0.031923354
67e0acaed1cbc2ee0ff36280,#E81A4B,-0.266827434,-0.075521514,0.024708038
67e0acaed1cbc2ee0ff36280,#EA1D1D,-0.309656173,-0.061968859,0.03169224
67e0acaed1cbc2ee0ff36280,#F1A78A,-0.131905437,-0.027689157,-0.008887643
67e0acaed1cbc2ee0ff36280,#F7A75A,-0.144508794,0.030781347,-0.007467262
67e0acaed1cbc2ee0ff36280,#FBA714,0.004040386,-0.119879782,0.03831061
67e0acaed1cbc2ee0ff36280,#FFFFFF,-0.004230569,-0.111676082,0.025998488
67fed4a3ea683d4515c4b06f,#000000,-0.826125145,-0.051964276,0.024481412
67fed4a3ea683d4515c4b06f,#0E8A19,-0.218468532,0.065061979,0.244434923
67fed4a3ea683d4515c4b06f,#1C3D61,-0.235173151,0.101574346,0.029173376
67fed4a3ea683d4515c4b06f,#2E3086,-0.148348093,0.09969715,0.142147332
67fed4a3ea683d4515c4b06f,#2F6EF6,0.170364782,0.029273639,-0.354542375
67fed4a3ea683d4515c4b06f,#3B3B3B,-0.632462919,-0.224355564,-0.089899734
67fed4a3ea683d4515c4b06f,#3B8378,-0.181810677,-0.079021968,0.187925994
67fed4a3ea683d4515c4b06f,#4BCF8E,-0.003401608,-0.433978647,0.041730713
67fed4a3ea683d4515c4b06f,#4DC7E8,0.052822866,0.205359653,-0.266839057
67fed4a3ea683d4515c4b06f,#5E2B3A,-0.299360842,-0.034751996,0.045223564
67fed4a3ea683d4515c4b06f,#5E78A1,-0.269173741,0.211394385,-0.005754564
67fed4a3ea683d4515c4b06f,#7EC6BA,0.105145812,0.168211937,-0.082847185
67fed4a3ea683d4515c4b06f,#67CF5C,0.150328055,-0.020831542,0.134847775
67fed4a3ea683d4515c4b06f,#73CF10,0.273450196,-0.061116904,0.050074879
67fed4a3ea683d4515c4b06f,#077ACC,0.036468815,-0.278751671,-0.225912228
67fed4a3ea683d4515c4b06f,#96C58C,0.006711734,-0.03297497,0.066412985
67fed4a3ea683d4515c4b06f,#443B14,-0.39776513,0.130318403,0.057266176
67fed4a3ea683d4515c4b06f,#512D5F,-0.174402922,0.217125461,0.032104075
67fed4a3ea683d4515c4b06f,#600B84,-0.338585377,0.146557406,-0.075190865
67fed4a3ea683d4515c4b06f,#632B14,-0.320516318,0.241801709,0.068767451
67fed4a3ea683d4515c4b06f,#746BCA,0.144206539,0.097863212,0.037057698
67fed4a3ea683d4515c4b06f,#3518AD,0.296452522,0.429267287,0.049416147
67fed4a3ea683d4515c4b06f,#8558F4,-0.090365045,-0.183535784,-0.079819873
67fed4a3ea683d4515c4b06f,#55824D,-0.111510403,0.275127411,0.036914658
67fed4a3ea683d4515c4b06f,#72005E,0.019965077,0.099474989,-0.17443268
67fed4a3ea683d4515c4b06f,#83764C,-0.294851035,0.085915618,-0.056746874
67fed4a3ea683d4515c4b06f,#90689F,-0.22179836,-0.088728949,-0.024288338
67fed4a3ea683d4515c4b06f,#184415,-0.139914006,0.222279757,-0.056616429
67fed4a3ea683d4515c4b06f,#608218,-0.107303575,0.073573068,0.155139178
67fed4a3ea683d4515c4b06f,#777777,-0.637436748,0.039813828,-0.08463376
67fed4a3ea683d4515c4b06f,#897618,-0.364776134,0.086744666,0.043190736
67fed4a3ea683d4515c4b06f,#A0BAE6,0.218581796,0.203514189,-0.116302989
67fed4a3ea683d4515c4b06f,#A3C55B,0.085379474,-0.025814716,0.117943391
67fed4a3ea683d4515c4b06f,#A553C8,-0.014641367,-0.228340372,-0.091039099
67fed4a3ea683d4515c4b06f,#A06776,-0.148189157,0.082390405,0.003946848
67fed4a3ea683d4515c4b06f,#A8664B,-0.128413945,0.076159723,0.066827931
67fed4a3ea683d4515c4b06f,#AAC510,0.179636583,-0.043063536,0.11167378
67fed4a3ea683d4515c4b06f,#AC6619,-0.113018878,0.141917884,0.063282825
67fed4a3ea683d4515c4b06f,#B9B9B9,0.073232889,-0.222716615,-0.234273091
67fed4a3ea683d4515c4b06f,#B62EF2,-0.184314474,-0.20881933,0.06111902
67fed4a3ea683d4515c4b06f,#B8509E,0.026938219,0.023701372,-0.124595873
67fed4a3ea683d4515c4b06f,#C7B88B,-0.013461029,-0.187372938,-0.171681687
67fed4a3ea683d4515c4b06f,#C34F74,0.337205261,0.297650814,0.037013866
67fed4a3ea683d4515c4b06f,#C94E4B,-0.101856373,0.034481771,0.189126089
67fed4a3ea683d4515c4b06f,#CC4F1B,0.398441941,-0.527247965,0.293809325
67fed4a3ea683d4515c4b06f,#CD26C7,0.321167409,0.241560802,0.017995683
67fed4a3ea683d4515c4b06f,#D0B85A,0.160466373,0.067024186,0.02372214
67fed4a3ea683d4515c4b06f,#D5A9E4,-0.064463153,-0.363004267,-0.049076855
67fed4a3ea683d4515c4b06f,#D5B811,0.244106978,-0.098677397,-0.027464032
67fed4a3ea683d4515c4b06f,#DB1F9D,0.19133617,-0.365379959,0.166500792
67fed4a3ea683d4515c4b06f,#E6A8B7,0.385339022,0.055652563,-0.106119916
67fed4a3ea683d4515c4b06f,#E31B73,0.649622083,0.195774466,0.002172924
67fed4a3ea683d4515c4b06f,#E81A4B,1.068117142,0.294569701,0.093782537
67fed4a3ea683d4515c4b06f,#EA1D1D,0.363129199,-0.330955625,-0.069135636
67fed4a3ea683d4515c4b06f,#F1A78A,0.064402454,0.126698002,0.01905196
67fed4a3ea683d4515c4b06f,#F7A75A,0.259230524,-0.33740598,0.125265732
67fed4a3ea683d4515c4b06f,#FBA714,0.227695972,-0.236972854,0.041743092
67fed4a3ea683d4515c4b06f,#FFFFFF,0.271963298,-0.201747775,-0.31407395
67cf93fb0d29a3372a8d2b9a,#000000,-1.049236894,-0.459291309,0.04162842
67cf93fb0d29a3372a8d2b9a,#0E8A19,-0.313489646,0.069363981,0.087026805
67cf93fb0d29a3372a8d2b9a,#1C3D61,-0.280144602,0.497200966,-0.074453071
67cf93fb0d29a3372a8d2b9a,#2E3086,-0.20144695,0.344089627,-0.054411951
67cf93fb0d29a3372a8d2b9a,#2F6EF6,-0.327735245,0.512966692,0.020288046
67cf93fb0d29a3372a8d2b9a,#3B3B3B,0.189030871,0.002631601,0.043528952
67cf93fb0d29a3372a8d2b9a,#3B8378,-0.206296653,-0.023702221,0.058882874
67cf93fb0d29a3372a8d2b9a,#4BCF8E,-0.553330421,-0.055338059,-0.04833312
67cf93fb0d29a3372a8d2b9a,#4DC7E8,-0.413490355,0.292782485,0.048564903
67cf93fb0d29a3372a8d2b9a,#5E2B3A,0.75734657,-0.353924334,0.027928619
67cf93fb0d29a3372a8d2b9a,#5E78A1,-0.179317459,0.478127837,-0.102088809
67cf93fb0d29a3372a8d2b9a,#7EC6BA,-0.3131648,-0.03288497,0.04165427
67cf93fb0d29a3372a8d2b9a,#67CF5C,-0.373430729,0.222630501,0.037550174
67cf93fb0d29a3372a8d2b9a,#73CF10,-0.335448146,0.107821181,-0.01167129
67cf93fb0d29a3372a8d2b9a,#077ACC,-0.178080499,0.461681604,-0.106549621
67cf93fb0d29a3372a8d2b9a,#96C58C,-0.535917819,-0.08662118,-0.189745262
67cf93fb0d29a3372a8d2b9a,#443B14,-0.221602634,-0.474680245,-0.129377246
67cf93fb0d29a3372a8d2b9a,#512D5F,0.27893731,0.274733871,-0.075363383
67cf93fb0d29a3372a8d2b9a,#600B84,0.584909916,0.364738107,-0.074851438
67cf93fb0d29a3372a8d2b9a,#632B14,0.782208681,-0.371754199,0.108216017
67cf93fb0d29a3372a8d2b9a,#746BCA,0.078524128,0.339822263,-0.159972385
67cf93fb0d29a3372a8d2b9a,#3518AD,-0.269303203,0.548901618,-0.021735635
67cf93fb0d29a3372a8d2b9a,#8558F4,0.299417645,0.490049064,-0.105825469
67cf93fb0d29a3372a8d2b9a,#55824D,-0.246374875,-0.312076271,-0.122706577
67cf93fb0d29a3372a8d2b9a,#72005E,0.534158945,0.1147594,-0.030927937
67cf93fb0d29a3372a8d2b9a,#83764C,-0.513015091,-0.181566969,0.095507845
67cf93fb0d29a3372a8d2b9a,#90689F,0.384788632,0.017374575,0.087864459
67cf93fb0d29a3372a8d2b9a,#184415,-0.42879349,0.358374357,0.049434256
67cf93fb0d29a3372a8d2b9a,#608218,-0.291603267,-0.01998679,0.016623154
67cf93fb0d29a3372a8d2b9a,#777777,-0.016812813,0.001870692,0.123084038
67cf93fb0d29a3372a8d2b9a,#897618,-0.274344116,-0.099497437,0.062315207
67cf93fb0d29a3372a8d2b9a,#A0BAE6,0.010058439,0.393278152,-0.093700483
67cf93fb0d29a3372a8d2b9a,#A3C55B,-0.575439692,0.035000652,-0.122838289
67cf93fb0d29a3372a8d2b9a,#A553C8,0.407288045,0.129066184,-0.057606403
67cf93fb0d29a3372a8d2b9a,#A06776,0.343124032,0.131128207,0.144866407
67cf93fb0d29a3372a8d2b9a,#A8664B,-0.21473749,-0.454850793,-0.069840625
67cf93fb0d29a3372a8d2b9a,#AAC510,-0.321900815,-0.239241764,-0.038781755
67cf93fb0d29a3372a8d2b9a,#AC6619,-0.231613874,-0.336030513,-0.065721318
67cf93fb0d29a3372a8d2b9a,#B9B9B9,-0.483863235,-0.093653798,0.059083074
67cf93fb0d29a3372a8d2b9a,#B62EF2,0.363298059,0.086253285,0.043048676
67cf93fb0d29a3372a8d2b9a,#B8509E,0.53386426,0.091613069,0.010835552
67cf93fb0d29a3372a8d2b9a,#C7B88B,-0.418316633,-0.08673121,0.047352627
67cf93fb0d29a3372a8d2b9a,#C34F74,0.482228011,0.02831389,0.123681426
67cf93fb0d29a3372a8d2b9a,#C94E4B,0.579152286,-0.238147706,-0.093193069
67cf93fb0d29a3372a8d2b9a,#CC4F1B,0.291673839,-0.488242388,-0.012595544
67cf93fb0d29a3372a8d2b9a,#CD26C7,0.625953376,0.133804247,-0.024114173
67cf93fb0d29a3372a8d2b9a,#D0B85A,-0.289669961,-0.206222787,0.10502845
67cf93fb0d29a3372a8d2b9a,#D5A9E4,0.490929157,0.206960887,0.009815494
67cf93fb0d29a3372a8d2b9a,#D5B811,-0.223752126,-0.436213791,-0.054583307
67cf93fb0d29a3372a8d2b9a,#DB1F9D,0.624006093,0.065525115,-0.029172171
67cf93fb0d29a3372a8d2b9a,#E6A8B7,0.078742579,0.183764771,0.423792839
67cf93fb0d29a3372a8d2b9a,#E31B73,0.446903944,0.032710269,-0.074492902
67cf93fb0d29a3372a8d2b9a,#E81A4B,0.601047754,-0.268709123,-0.108862445
67cf93fb0d29a3372a8d2b9a,#EA1D1D,0.496018887,-0.401064754,-0.07862407
67cf93fb0d29a3372a8d2b9a,#F1A78A,0.185227171,-0.32910493,0.032180052
67cf93fb0d29a3372a8d2b9a,#F7A75A,-0.039194267,-0.505237818,-0.026460439
67cf93fb0d29a3372a8d2b9a,#FBA714,-0.040956628,-0.599075258,-0.003396172
67cf93fb0d29a3372a8d2b9a,#FFFFFF,-0.087014884,0.136511445,0.312213689
67cf3c99d9b2b175541efb86,#000000,-0.127768233,-0.077757172,0.02044959
67cf3c99d9b2b175541efb86,#0E8A19,0.272425115,-0.069124632,0.006669815
67cf3c99d9b2b175541efb86,#1C3D61,-0.034268349,-0.071070753,-0.030373432
67cf3c99d9b2b175541efb86,#2E3086,-0.336169511,-0.161998942,-0.007042637
67cf3c99d9b2b175541efb86,#2F6EF6,-0.031540088,-0.005016437,-0.004442258
67cf3c99d9b2b175541efb86,#3B3B3B,0.099795811,-0.156897217,-0.015432145
67cf3c99d9b2b175541efb86,#3B8378,0.140190959,-0.054787651,0.014881245
67cf3c99d9b2b175541efb86,#4BCF8E,0.029649723,-0.179874957,0.051256936
67cf3c99d9b2b175541efb86,#4DC7E8,-0.051155526,-0.145060882,-0.041333344
67cf3c99d9b2b175541efb86,#5E2B3A,-0.002948357,-0.02650247,-0.039220661
67cf3c99d9b2b175541efb86,#5E78A1,-0.179561272,-0.11219582,-0.019482614
67cf3c99d9b2b175541efb86,#7EC6BA,0.181032732,-0.121648349,0.011989812
67cf3c99d9b2b175541efb86,#67CF5C,0.307700813,0.004580542,0.023012245
67cf3c99d9b2b175541efb86,#73CF10,0.275003254,0.104879841,-0.006924957
67cf3c99d9b2b175541efb86,#077ACC,0.120922476,-0.130483612,0.010600138
67cf3c99d9b2b175541efb86,#96C58C,0.200135991,-0.172854125,0.045328893
67cf3c99d9b2b175541efb86,#443B14,0.111802392,-0.018006224,-0.032687072
67cf3c99d9b2b175541efb86,#512D5F,-0.164758116,-0.213635534,-0.03088142
67cf3c99d9b2b175541efb86,#600B84,-0.166518122,-0.089918174,0.014185957
67cf3c99d9b2b175541efb86,#632B14,0.122967921,0.131256804,-0.020840663
67cf3c99d9b2b175541efb86,#746BCA,-0.238792688,-0.170437485,-0.029516496
67cf3c99d9b2b175541efb86,#3518AD,-0.052900393,-0.154708102,0.056615081
67cf3c99d9b2b175541efb86,#8558F4,-0.14941521,-0.078952052,-0.001665682
67cf3c99d9b2b175541efb86,#55824D,0.136352912,-0.156890348,-0.003907014
67cf3c99d9b2b175541efb86,#72005E,-0.125320062,-0.150102332,0.018675521
67cf3c99d9b2b175541efb86,#83764C,0.208530992,0.08643461,-0.024533724
67cf3c99d9b2b175541efb86,#90689F,-0.076209657,-0.034029655,-0.017567025
67cf3c99d9b2b175541efb86,#184415,0.085395873,-0.155707836,0.008560727
67cf3c99d9b2b175541efb86,#608218,0.188453779,-0.129993752,0.01513146
67cf3c99d9b2b175541efb86,#777777,0.11565543,0.044176169,0.007395946
67cf3c99d9b2b175541efb86,#897618,0.113516882,0.063321516,-0.034763597
67cf3c99d9b2b175541efb86,#A0BAE6,-0.183227316,-0.081928127,-0.027494304
67cf3c99d9b2b175541efb86,#A3C55B,0.247309625,-0.189448968,0.024197185
67cf3c99d9b2b175541efb86,#A553C8,-0.209227532,-0.031218005,-0.042999521
67cf3c99d9b2b175541efb86,#A06776,-0.323395401,-0.126966074,-0.017010774
67cf3c99d9b2b175541efb86,#A8664B,-0.181056932,0.23219429,0.016394673
67cf3c99d9b2b175541efb86,#AAC510,0.304325849,0.029852556,-0.011016902
67cf3c99d9b2b175541efb86,#AC6619,-0.143833235,0.250420809,0.057294846
67cf3c99d9b2b175541efb86,#B9B9B9,0.24669981,-0.143542439,0.032871138
67cf3c99d9b2b175541efb86,#B62EF2,-0.155920133,-0.106954314,0.01468474
67cf3c99d9b2b175541efb86,#B8509E,-0.136056453,-0.031100424,0.010261272
67cf3c99d9b2b175541efb86,#C7B88B,0.206303731,0.157547861,-0.026820276
67cf3c99d9b2b175541efb86,#C34F74,-0.161478639,0.139552847,-0.007960295
67cf3c99d9b2b175541efb86,#C94E4B,-0.129936874,0.187323347,-0.005079744
67cf3c99d9b2b175541efb86,#CC4F1B,-0.123368524,0.190483451,0.00994177
67cf3c99d9b2b175541efb86,#CD26C7,-0.128832027,0.205371737,0.023932207
67cf3c99d9b2b175541efb86,#D0B85A,0.193746597,0.156063527,4.77E-05
67cf3c99d9b2b175541efb86,#D5A9E4,-0.192941919,0.007223321,-0.00281845
67cf3c99d9b2b175541efb86,#D5B811,0.276073098,0.096392721,-0.011932389
67cf3c99d9b2b175541efb86,#DB1F9D,-0.217552558,-0.000449435,-0.012668607
67cf3c99d9b2b175541efb86,#E6A8B7,-0.06824325,0.050831519,-0.010819705
67cf3c99d9b2b175541efb86,#E31B73,-0.372411162,0.288407087,-0.01928862
67cf3c99d9b2b175541efb86,#E81A4B,-0.211974487,0.286891013,0.04604736
67cf3c99d9b2b175541efb86,#EA1D1D,-0.134444982,0.145572618,0.008471373
67cf3c99d9b2b175541efb86,#F1A78A,0.026935035,0.021158744,0.008643348
67cf3c99d9b2b175541efb86,#F7A75A,0.115332812,0.183672532,0.015309175
67cf3c99d9b2b175541efb86,#FBA714,0.012556644,0.230331182,0.047203232
67cf3c99d9b2b175541efb86,#FFFFFF,0.472410589,0.255322039,-0.063529089
67fed53b24f765935755ad13,#000000,-0.515859246,-0.231726572,-0.18742016
67fed53b24f765935755ad13,#0E8A19,-0.111238621,0.065243639,0.031756587
67fed53b24f765935755ad13,#1C3D61,-0.144757658,-0.088229232,-0.033293452
67fed53b24f765935755ad13,#2E3086,-0.032677479,-0.073311396,0.23000221
67fed53b24f765935755ad13,#2F6EF6,-0.0462768,0.013653728,-0.008957554
67fed53b24f765935755ad13,#3B3B3B,-0.41408518,-0.114650652,-0.06596265
67fed53b24f765935755ad13,#3B8378,-0.109217718,0.115716718,0.045336623
67fed53b24f765935755ad13,#4BCF8E,0.057418779,0.148605257,-0.042167269
67fed53b24f765935755ad13,#4DC7E8,-0.102017954,0.0995171,0.109957859
67fed53b24f765935755ad13,#5E2B3A,-0.062102608,-0.241976485,0.050134916
67fed53b24f765935755ad13,#5E78A1,-0.280863047,-0.011832901,-0.033969015
67fed53b24f765935755ad13,#7EC6BA,-0.073080786,0.125320673,0.008786392
67fed53b24f765935755ad13,#67CF5C,0.107411504,0.014300834,-0.045784842
67fed53b24f765935755ad13,#73CF10,-0.095119104,0.024772029,-0.126415417
67fed53b24f765935755ad13,#077ACC,-0.17890808,0.081240699,0.019669894
67fed53b24f765935755ad13,#96C58C,-0.071544826,0.164582312,0.021970825
67fed53b24f765935755ad13,#443B14,-0.221268967,0.044670194,0.040972382
67fed53b24f765935755ad13,#512D5F,0.023076791,-0.125123009,0.025772609
67fed53b24f765935755ad13,#600B84,-0.065858483,-0.227734104,-0.048487682
67fed53b24f765935755ad13,#632B14,-0.035595793,-0.293760121,0.088256583
67fed53b24f765935755ad13,#746BCA,-0.166977406,-0.055292822,0.01157326
67fed53b24f765935755ad13,#3518AD,-0.132868737,0.053802237,0.07333836
67fed53b24f765935755ad13,#8558F4,0.023826173,-0.183725759,-0.081164651
67fed53b24f765935755ad13,#55824D,-0.140730768,0.127451733,0.090082936
67fed53b24f765935755ad13,#72005E,-0.006825719,-0.274570554,0.017677376
67fed53b24f765935755ad13,#83764C,-0.168115586,0.180701241,0.127512693
67fed53b24f765935755ad13,#90689F,0.04091686,-0.129379764,0.079307288
67fed53b24f765935755ad13,#184415,-0.205718577,0.005108143,0.039152239
67fed53b24f765935755ad13,#608218,-0.13785331,0.044471633,0.077822305
67fed53b24f765935755ad13,#777777,-0.298345923,0.2542198,0.053243574
67fed53b24f765935755ad13,#897618,0.127765849,0.187868595,0.016379582
67fed53b24f765935755ad13,#A0BAE6,0.01654706,0.262483776,-0.108882949
67fed53b24f765935755ad13,#A3C55B,0.057289943,0.02179963,-0.264640421
67fed53b24f765935755ad13,#A553C8,0.028305991,-0.181249499,0.082805447
67fed53b24f765935755ad13,#A06776,0.125234351,-0.099725008,-0.028931204
67fed53b24f765935755ad13,#A8664B,0.160757706,0.052650243,0.120313413
67fed53b24f765935755ad13,#AAC510,0.141511455,0.18517527,-0.000801728
67fed53b24f765935755ad13,#AC6619,0.185162932,0.076244555,-0.007791377
67fed53b24f765935755ad13,#B9B9B9,0.117795534,0.402178168,-0.08521609
67fed53b24f765935755ad13,#B62EF2,0.068302654,-0.04111211,-0.027508246
67fed53b24f765935755ad13,#B8509E,0.092275865,-0.097474821,0.0698741
67fed53b24f765935755ad13,#C7B88B,-0.089500204,0.240166172,0.099651054
67fed53b24f765935755ad13,#C34F74,0.109087154,-0.163103595,-0.031949461
67fed53b24f765935755ad13,#C94E4B,0.178054377,-0.201727271,-0.002999816
67fed53b24f765935755ad13,#CC4F1B,0.201600462,-0.025994312,0.051457234
67fed53b24f765935755ad13,#CD26C7,0.157118842,-0.151499614,0.001704362
67fed53b24f765935755ad13,#D0B85A,0.242993414,0.217984989,-0.00847871
67fed53b24f765935755ad13,#D5A9E4,0.158056661,-0.22628592,-0.068066098
67fed53b24f765935755ad13,#D5B811,0.110501476,0.157645464,-0.003410483
67fed53b24f765935755ad13,#DB1F9D,0.187241554,-0.142623544,0.0303746
67fed53b24f765935755ad13,#E6A8B7,0.113503285,-0.092942849,-0.108002089
67fed53b24f765935755ad13,#E31B73,0.307152659,-0.113734722,0.034685738
67fed53b24f765935755ad13,#E81A4B,0.027386757,-0.123911023,0.085572243
67fed53b24f765935755ad13,#EA1D1D,0.207097411,-0.129258633,-0.030801944
67fed53b24f765935755ad13,#F1A78A,0.162251785,0.137640297,0.017274182
67fed53b24f765935755ad13,#F7A75A,0.105188504,0.172817796,0.011753831
67fed53b24f765935755ad13,#FBA714,0.25655967,0.063952394,-0.001333966
67fed53b24f765935755ad13,#FFFFFF,0.010014818,0.099970818,-0.411735356
67f55705fc62833f6166b99d,#000000,-0.338546574,-0.315580368,-0.713627636
67f55705fc62833f6166b99d,#0E8A19,-1.078480124,-0.002441689,-0.032715578
67f55705fc62833f6166b99d,#1C3D61,0.038399048,0.204334021,0.197183743
67f55705fc62833f6166b99d,#2E3086,-0.005559509,0.129228219,-0.035750404
67f55705fc62833f6166b99d,#2F6EF6,0.371013075,0.620536625,-0.080048539
67f55705fc62833f6166b99d,#3B3B3B,-0.056760855,0.077166967,0.366902381
67f55705fc62833f6166b99d,#3B8378,-0.551270008,0.030010894,0.205707625
67f55705fc62833f6166b99d,#4BCF8E,-0.685845196,0.125814706,-0.005182651
67f55705fc62833f6166b99d,#4DC7E8,0.020634217,0.49946785,-0.063988812
67f55705fc62833f6166b99d,#5E2B3A,0.464254856,-0.1125286,0.013902119
67f55705fc62833f6166b99d,#5E78A1,0.046780989,0.453943074,-0.111303128
67f55705fc62833f6166b99d,#7EC6BA,-0.344417065,0.221852809,0.115874678
67f55705fc62833f6166b99d,#67CF5C,-0.809520125,0.205747932,0.021296877
67f55705fc62833f6166b99d,#73CF10,-0.95951575,0.057347439,-0.017171789
67f55705fc62833f6166b99d,#077ACC,0.15531756,0.496161044,0.103433281
67f55705fc62833f6166b99d,#96C58C,-0.494478226,0.043001849,0.053567745
67f55705fc62833f6166b99d,#443B14,-0.380228162,-0.156171158,0.144735768
67f55705fc62833f6166b99d,#512D5F,0.32652247,0.144098505,0.114915907
67f55705fc62833f6166b99d,#600B84,0.610049605,0.185691074,0.047158785
67f55705fc62833f6166b99d,#632B14,0.204970539,-0.331372142,0.095337823
67f55705fc62833f6166b99d,#746BCA,0.384303212,0.183118865,0.046923451
67f55705fc62833f6166b99d,#3518AD,0.211438537,0.439668655,-0.076794147
67f55705fc62833f6166b99d,#8558F4,0.507949948,0.128217846,0.03536265
67f55705fc62833f6166b99d,#55824D,-0.454966724,-0.108623095,0.234140426
67f55705fc62833f6166b99d,#72005E,0.441608787,0.113449484,0.157438591
67f55705fc62833f6166b99d,#83764C,-0.254624754,-0.163074523,0.245187208
67f55705fc62833f6166b99d,#90689F,0.356293172,0.371978581,-0.163060203
67f55705fc62833f6166b99d,#184415,-0.600644112,-0.006621243,0.282032371
67f55705fc62833f6166b99d,#608218,-0.683377564,-0.049939096,0.151342094
67f55705fc62833f6166b99d,#777777,-0.076722987,-0.302550852,0.040272761
67f55705fc62833f6166b99d,#897618,-0.562967181,-0.287879407,-0.078361019
67f55705fc62833f6166b99d,#A0BAE6,0.077366002,0.570102632,-0.049212597
67f55705fc62833f6166b99d,#A3C55B,-0.7546556,0.050362878,0.129904047
67f55705fc62833f6166b99d,#A553C8,0.378810495,0.092551939,0.169439748
67f55705fc62833f6166b99d,#A06776,0.602613807,-0.232953683,-0.022779536
67f55705fc62833f6166b99d,#A8664B,0.046615154,-0.484448314,0.157032192
67f55705fc62833f6166b99d,#AAC510,-0.758360684,-0.044802882,0.088158518
67f55705fc62833f6166b99d,#AC6619,0.044946987,-0.504013181,0.037873685
67f55705fc62833f6166b99d,#B9B9B9,0.070881121,0.466041803,-0.44217205
67f55705fc62833f6166b99d,#B62EF2,0.580253839,0.102454655,0.055456549
67f55705fc62833f6166b99d,#B8509E,0.567410409,0.173408553,-0.107320063
67f55705fc62833f6166b99d,#C7B88B,-0.248501986,-0.187964454,0.281283319
67f55705fc62833f6166b99d,#C34F74,0.551297247,-0.246554837,-0.074256584
67f55705fc62833f6166b99d,#C94E4B,0.52445823,-0.3587358,-0.013931193
67f55705fc62833f6166b99d,#CC4F1B,0.103065506,-0.570322096,0.07353124
67f55705fc62833f6166b99d,#CD26C7,0.584923685,0.168195844,0.089008495
67f55705fc62833f6166b99d,#D0B85A,-0.353108704,-0.14771153,-0.15042378
67f55705fc62833f6166b99d,#D5A9E4,0.293058962,0.31139636,0.003756483
67f55705fc62833f6166b99d,#D5B811,-0.61321336,0.084884353,-0.13792327
67f55705fc62833f6166b99d,#DB1F9D,0.535703003,-0.140834466,0.02299875
67f55705fc62833f6166b99d,#E6A8B7,0.403398603,-0.208032504,-0.02519628
67f55705fc62833f6166b99d,#E31B73,0.426137954,-0.41599381,0.042607751
67f55705fc62833f6166b99d,#E81A4B,0.725180864,-0.292566419,0.028995093
67f55705fc62833f6166b99d,#EA1D1D,0.846159935,-0.158197001,-0.015258701
67f55705fc62833f6166b99d,#F1A78A,0.412841171,-0.287977159,0.004359365
67f55705fc62833f6166b99d,#F7A75A,0.057903901,-0.445152581,-0.658703148
67f55705fc62833f6166b99d,#FBA714,-0.401172221,-0.529075921,-0.314163685
67f55705fc62833f6166b99d,#FFFFFF,-0.505625129,0.341882586,-0.467776895
67f6c8eb2d7388c71b43feaf,#000000,-0.210959449,1.129594445,-0.290450066
67f6c8eb2d7388c71b43feaf,#0E8A19,0.399621964,-0.033235237,0.023768056
67f6c8eb2d7388c71b43feaf,#1C3D61,0.23260951,-0.187994033,-0.316066325
67f6c8eb2d7388c71b43feaf,#2E3086,0.281809956,0.041452594,-0.277753562
67f6c8eb2d7388c71b43feaf,#2F6EF6,0.40567705,-0.120556705,-0.370978534
67f6c8eb2d7388c71b43feaf,#3B3B3B,0.319236666,0.377640009,0.009370461
67f6c8eb2d7388c71b43feaf,#3B8378,0.427572072,0.027132589,0.023464927
67f6c8eb2d7388c71b43feaf,#4BCF8E,0.604893625,0.01805418,-0.241878718
67f6c8eb2d7388c71b43feaf,#4DC7E8,0.317827433,-0.364359885,-0.214365914
67f6c8eb2d7388c71b43feaf,#5E2B3A,-0.108043745,-0.080363274,0.058926594
67f6c8eb2d7388c71b43feaf,#5E78A1,0.268548965,-0.134540454,-0.348211706
67f6c8eb2d7388c71b43feaf,#7EC6BA,0.407378405,-0.067589581,-0.089606717
67f6c8eb2d7388c71b43feaf,#67CF5C,0.600738287,0.047836568,0.061426632
67f6c8eb2d7388c71b43feaf,#73CF10,0.46400255,-0.057280239,0.161621183
67f6c8eb2d7388c71b43feaf,#077ACC,0.39838782,-0.11008665,-0.313955039
67f6c8eb2d7388c71b43feaf,#96C58C,0.397799283,-0.022547135,0.108486094
67f6c8eb2d7388c71b43feaf,#443B14,0.173111945,-0.004076293,0.087631859
67f6c8eb2d7388c71b43feaf,#512D5F,-0.400538474,-0.09517125,-0.202156812
67f6c8eb2d7388c71b43feaf,#600B84,-0.263290673,-0.03580597,-0.03015352
67f6c8eb2d7388c71b43feaf,#632B14,0.034039978,-0.094989039,0.181205288
67f6c8eb2d7388c71b43feaf,#746BCA,0.312219262,-0.184732005,-0.272254944
67f6c8eb2d7388c71b43feaf,#3518AD,0.220648363,-0.174786091,-0.287040383
67f6c8eb2d7388c71b43feaf,#8558F4,-0.686874688,-0.139030918,-0.128420636
67f6c8eb2d7388c71b43feaf,#55824D,0.374553204,-0.1075188,0.172979683
67f6c8eb2d7388c71b43feaf,#72005E,-0.4253048,-0.244959414,0.003187305
67f6c8eb2d7388c71b43feaf,#83764C,0.169912294,0.139954895,0.048231598
67f6c8eb2d7388c71b43feaf,#90689F,-0.679585695,0.008302468,-0.065804273
67f6c8eb2d7388c71b43feaf,#184415,0.291441321,-0.016557274,0.030245937
67f6c8eb2d7388c71b43feaf,#608218,0.401604414,-0.079016127,0.137271792
67f6c8eb2d7388c71b43feaf,#777777,0.164175257,0.761715651,0.393452376
67f6c8eb2d7388c71b43feaf,#897618,0.275016308,-0.046914808,0.212631017
67f6c8eb2d7388c71b43feaf,#A0BAE6,0.250258833,-0.131089926,-0.384779423
67f6c8eb2d7388c71b43feaf,#A3C55B,0.323426157,-0.08750774,0.069034152
67f6c8eb2d7388c71b43feaf,#A553C8,-0.502295613,-0.05399289,-0.092501573
67f6c8eb2d7388c71b43feaf,#A06776,-0.174551055,-0.098986454,0.161897153
67f6c8eb2d7388c71b43feaf,#A8664B,-0.094152071,-0.158142656,0.247069523
67f6c8eb2d7388c71b43feaf,#AAC510,0.493546784,0.054562282,0.149348587
67f6c8eb2d7388c71b43feaf,#AC6619,0.089881502,-0.174842596,0.309607357
67f6c8eb2d7388c71b43feaf,#B9B9B9,0.151726931,0.567208111,0.28245163
67f6c8eb2d7388c71b43feaf,#B62EF2,-0.641662717,-0.131787166,-0.065333597
67f6c8eb2d7388c71b43feaf,#B8509E,-0.564656138,-0.107344203,-0.085416935
67f6c8eb2d7388c71b43feaf,#C7B88B,0.107974365,0.234507143,0.135639265
67f6c8eb2d7388c71b43feaf,#C34F74,-0.395751268,0.023245018,-0.069930561
67f6c8eb2d7388c71b43feaf,#C94E4B,-0.535783947,-0.18582736,-0.06851051
67f6c8eb2d7388c71b43feaf,#CC4F1B,-0.175611004,-0.09488228,0.233418643
67f6c8eb2d7388c71b43feaf,#CD26C7,-0.513133049,-0.260616362,-0.084963083
67f6c8eb2d7388c71b43feaf,#D0B85A,0.099223077,-0.014124461,0.270472944
67f6c8eb2d7388c71b43feaf,#D5A9E4,-0.527412295,0.283535153,0.038289584
67f6c8eb2d7388c71b43feaf,#D5B811,0.092271015,-0.180659562,0.190653756
67f6c8eb2d7388c71b43feaf,#DB1F9D,-0.358539522,-0.064422473,-0.043632895
67f6c8eb2d7388c71b43feaf,#E6A8B7,-0.457347006,0.245310009,0.206232533
67f6c8eb2d7388c71b43feaf,#E31B73,-0.645221412,-0.122776933,0.018472582
67f6c8eb2d7388c71b43feaf,#E81A4B,-0.436138183,-0.145202756,-0.055737391
67f6c8eb2d7388c71b43feaf,#EA1D1D,-0.232267946,-0.174268082,0.052451465
67f6c8eb2d7388c71b43feaf,#F1A78A,-0.350859284,-0.003471159,0.195957333
67f6c8eb2d7388c71b43feaf,#F7A75A,0.126491785,-0.303239435,0.265485793
67f6c8eb2d7388c71b43feaf,#FBA714,-0.114941262,-0.215577692,0.183646619
67f6c8eb2d7388c71b43feaf,#FFFFFF,-0.18270427,1.150822282,-0.324126303
67d9b4319fc0af3ca896d2c5,#000000,-1.534454465,1.067970037,0.007347774
67d9b4319fc0af3ca896d2c5,#0E8A19,-0.1283191,-0.910411596,-0.559105217
67d9b4319fc0af3ca896d2c5,#1C3D61,-0.571636617,-0.246835724,0.173234552
67d9b4319fc0af3ca896d2c5,#2E3086,-0.892235816,-0.085989341,0.18037793
67d9b4319fc0af3ca896d2c5,#2F6EF6,-0.857627094,-0.059443362,0.181931853
67d9b4319fc0af3ca896d2c5,#3B3B3B,-0.824696779,0.315810919,-0.022882421
67d9b4319fc0af3ca896d2c5,#3B8378,-0.207073376,-0.265166312,-0.117350161
67d9b4319fc0af3ca896d2c5,#4BCF8E,0.098664179,-0.747674704,0.031045865
67d9b4319fc0af3ca896d2c5,#4DC7E8,-0.582879126,-0.036286138,0.07060843
67d9b4319fc0af3ca896d2c5,#5E2B3A,-0.281735867,0.256978542,-0.105587266
67d9b4319fc0af3ca896d2c5,#5E78A1,-0.54796648,-0.170529634,0.046581343
67d9b4319fc0af3ca896d2c5,#7EC6BA,-0.270224422,-0.413783401,-0.126151085
67d9b4319fc0af3ca896d2c5,#67CF5C,0.562012076,0.01037408,-0.023264274
67d9b4319fc0af3ca896d2c5,#73CF10,0.70008564,-0.384602457,-0.27143234
67d9b4319fc0af3ca896d2c5,#077ACC,-0.863553882,-0.411132962,0.127191991
67d9b4319fc0af3ca896d2c5,#96C58C,0.592930019,-0.262392581,0.314738572
67d9b4319fc0af3ca896d2c5,#443B14,0.147437036,-0.370296478,0.471915096
67d9b4319fc0af3ca896d2c5,#512D5F,-0.084560044,0.425962746,-0.2017546
67d9b4319fc0af3ca896d2c5,#600B84,-0.127905607,0.273217291,-0.392439306
67d9b4319fc0af3ca896d2c5,#632B14,-0.417776853,0.02805165,0.425059408
67d9b4319fc0af3ca896d2c5,#746BCA,-0.239030972,-0.134815156,-0.03357204
67d9b4319fc0af3ca896d2c5,#3518AD,-1.095648766,-0.276996672,0.064920925
67d9b4319fc0af3ca896d2c5,#8558F4,-0.410090864,-0.012818061,-0.066821419
67d9b4319fc0af3ca896d2c5,#55824D,0.619820237,-0.200215682,0.406350404
67d9b4319fc0af3ca896d2c5,#72005E,0.378189832,1.174301267,0.049335018
67d9b4319fc0af3ca896d2c5,#83764C,0.014141787,-0.16424273,0.060083844
67d9b4319fc0af3ca896d2c5,#90689F,-0.123331815,0.506044269,-0.194294304
67d9b4319fc0af3ca896d2c5,#184415,0.227035686,-0.771961868,-0.149922609
67d9b4319fc0af3ca896d2c5,#608218,0.22034654,-0.660420477,-0.117708057
67d9b4319fc0af3ca896d2c5,#777777,-0.209599584,-0.237317428,-0.066437729
67d9b4319fc0af3ca896d2c5,#897618,0.5614748,-0.214743346,0.087634362
67d9b4319fc0af3ca896d2c5,#A0BAE6,-0.473726034,-0.144143507,-0.036891911
67d9b4319fc0af3ca896d2c5,#A3C55B,0.543034673,-0.101518869,0.403293878
67d9b4319fc0af3ca896d2c5,#A553C8,0.206912518,0.219909742,-0.029542755
67d9b4319fc0af3ca896d2c5,#A06776,-0.003617292,0.294153094,-0.206037402
67d9b4319fc0af3ca896d2c5,#A8664B,0.068605483,0.127038822,0.150193542
67d9b4319fc0af3ca896d2c5,#AAC510,0.387403011,-0.462050349,-0.044725776
67d9b4319fc0af3ca896d2c5,#AC6619,-0.036283307,-0.171557471,0.294650584
67d9b4319fc0af3ca896d2c5,#B9B9B9,0.059582368,-0.286232471,0.121441163
67d9b4319fc0af3ca896d2c5,#B62EF2,0.096395336,0.41879189,-0.317652255
67d9b4319fc0af3ca896d2c5,#B8509E,0.194726393,0.322461993,-0.049269184
67d9b4319fc0af3ca896d2c5,#C7B88B,0.027972179,-0.084016092,0.092499338
67d9b4319fc0af3ca896d2c5,#C34F74,0.302654535,0.510079682,0.126636028
67d9b4319fc0af3ca896d2c5,#C94E4B,0.378352463,0.619135618,0.371411234
67d9b4319fc0af3ca896d2c5,#CC4F1B,0.447059274,-0.247192293,-0.533769786
67d9b4319fc0af3ca896d2c5,#CD26C7,0.140660524,0.450240225,-0.300805092
67d9b4319fc0af3ca896d2c5,#D0B85A,0.374972701,-0.297034353,-0.010501189
67d9b4319fc0af3ca896d2c5,#D5A9E4,0.130573273,0.378834337,-0.303030878
67d9b4319fc0af3ca896d2c5,#D5B811,0.679895282,-0.333751947,-0.091287747
67d9b4319fc0af3ca896d2c5,#DB1F9D,0.007874743,0.41063267,-0.190699637
67d9b4319fc0af3ca896d2c5,#E6A8B7,-0.01361653,0.226239249,-0.198115736
67d9b4319fc0af3ca896d2c5,#E31B73,0.649002135,0.690776885,0.100724801
67d9b4319fc0af3ca896d2c5,#E81A4B,0.712654233,0.57990545,-0.072996482
67d9b4319fc0af3ca896d2c5,#EA1D1D,0.788749278,0.585404813,0.20436728
67d9b4319fc0af3ca896d2c5,#F1A78A,0.216600627,0.251639426,0.026316017
67d9b4319fc0af3ca896d2c5,#F7A75A,0.237263665,-0.237396419,-0.161344469
67d9b4319fc0af3ca896d2c5,#FBA714,0.179339573,-0.273089707,0.480873793
67d9b4319fc0af3ca896d2c5,#FFFFFF,-0.154831082,-0.46789515,-0.075371839
67e0b20ebb9ca64cd52d5d43,#000000,-0.050913237,-0.015471471,0.000484993
67e0b20ebb9ca64cd52d5d43,#0E8A19,0.032350525,0.035747003,-0.000789818
67e0b20ebb9ca64cd52d5d43,#1C3D61,0.110208049,-0.028189907,0.000113454
67e0b20ebb9ca64cd52d5d43,#2E3086,-0.028011382,-0.035878841,-0.003381841
67e0b20ebb9ca64cd52d5d43,#2F6EF6,0.086380236,-0.030476343,-0.000774426
67e0b20ebb9ca64cd52d5d43,#3B3B3B,-0.095125623,0.011121449,-0.003622637
67e0b20ebb9ca64cd52d5d43,#3B8378,0.074193366,-0.005780624,-0.000266422
67e0b20ebb9ca64cd52d5d43,#4BCF8E,0.071593575,0.002342451,0.003613464
67e0b20ebb9ca64cd52d5d43,#4DC7E8,0.014325053,-0.062518544,-0.001103343
67e0b20ebb9ca64cd52d5d43,#5E2B3A,-0.134726897,-0.009106133,-0.004011274
67e0b20ebb9ca64cd52d5d43,#5E78A1,0.06662365,-0.033529393,0.003907354
67e0b20ebb9ca64cd52d5d43,#7EC6BA,0.127063721,-0.035484247,0.000516045
67e0b20ebb9ca64cd52d5d43,#67CF5C,0.081182532,-0.009075291,-0.00077564
67e0b20ebb9ca64cd52d5d43,#73CF10,0.090736061,-0.009332765,-0.003084589
67e0b20ebb9ca64cd52d5d43,#077ACC,0.001404629,-0.033691019,-0.000633617
67e0b20ebb9ca64cd52d5d43,#96C58C,0.116949469,0.011714752,0.000466752
67e0b20ebb9ca64cd52d5d43,#443B14,0.076527558,0.02703381,0.00222867
67e0b20ebb9ca64cd52d5d43,#512D5F,-0.081684351,-0.015136237,-0.001323519
67e0b20ebb9ca64cd52d5d43,#600B84,-0.09482906,-0.01119536,-0.002096117
67e0b20ebb9ca64cd52d5d43,#632B14,-0.119595036,0.045335203,0.001248974
67e0b20ebb9ca64cd52d5d43,#746BCA,0.007331151,-0.028789353,0.003153588
67e0b20ebb9ca64cd52d5d43,#3518AD,0.113856852,-0.023421722,-0.002570492
67e0b20ebb9ca64cd52d5d43,#8558F4,0.046157703,-0.026459122,-0.001857591
67e0b20ebb9ca64cd52d5d43,#55824D,0.139568016,0.006417207,0.000477499
67e0b20ebb9ca64cd52d5d43,#72005E,-0.052052006,-0.015879983,0.001146197
67e0b20ebb9ca64cd52d5d43,#83764C,0.15935348,0.029333122,-0.004921743
67e0b20ebb9ca64cd52d5d43,#90689F,-0.073492907,-0.034759156,0.008109539
67e0b20ebb9ca64cd52d5d43,#184415,0.184841573,0.006855111,-0.000157071
67e0b20ebb9ca64cd52d5d43,#608218,0.075765409,0.015367247,-0.003560154
67e0b20ebb9ca64cd52d5d43,#777777,0.176164702,0.00070234,0.001514787
67e0b20ebb9ca64cd52d5d43,#897618,0.101108663,0.026484944,0.010463038
67e0b20ebb9ca64cd52d5d43,#A0BAE6,0.027053973,-0.026723478,0.000979884
67e0b20ebb9ca64cd52d5d43,#A3C55B,0.097409554,0.028363522,-0.003177962
67e0b20ebb9ca64cd52d5d43,#A553C8,-0.020594036,-0.006810696,-0.000690811
67e0b20ebb9ca64cd52d5d43,#A06776,-0.118552238,-0.009371122,0.001649771
67e0b20ebb9ca64cd52d5d43,#A8664B,-0.077125549,0.065838002,-0.000727105
67e0b20ebb9ca64cd52d5d43,#AAC510,0.078366838,0.021996818,0.002963188
67e0b20ebb9ca64cd52d5d43,#AC6619,-0.040425971,0.066533633,-0.002894571
67e0b20ebb9ca64cd52d5d43,#B9B9B9,0.168055862,-0.004438455,-0.001207544
67e0b20ebb9ca64cd52d5d43,#B62EF2,-0.112671003,-0.016079981,5.52E-05
67e0b20ebb9ca64cd52d5d43,#B8509E,-0.103616491,-0.010466182,-0.000586518
67e0b20ebb9ca64cd52d5d43,#C7B88B,0.172536299,4.09E-05,-0.005782434
67e0b20ebb9ca64cd52d5d43,#C34F74,-0.105835564,-0.013625382,0.003200684
67e0b20ebb9ca64cd52d5d43,#C94E4B,-0.158724651,0.032560542,-0.002884618
67e0b20ebb9ca64cd52d5d43,#CC4F1B,-0.068395764,0.042124465,0.002032467
67e0b20ebb9ca64cd52d5d43,#CD26C7,-0.102526248,-0.037278049,-0.002576777
67e0b20ebb9ca64cd52d5d43,#D0B85A,0.076265447,0.012205146,0.004407241
67e0b20ebb9ca64cd52d5d43,#D5A9E4,-0.052988257,-0.017915988,-0.00045655
67e0b20ebb9ca64cd52d5d43,#D5B811,0.047534667,0.034964893,-0.002420194
67e0b20ebb9ca64cd52d5d43,#DB1F9D,-0.124192499,-0.019150576,0.001929046
67e0b20ebb9ca64cd52d5d43,#E6A8B7,-0.10975121,-0.029888062,0.005568318
67e0b20ebb9ca64cd52d5d43,#E31B73,-0.095002815,-0.009274646,-0.000631922
67e0b20ebb9ca64cd52d5d43,#E81A4B,-0.14627929,-0.009673789,-0.001878528
67e0b20ebb9ca64cd52d5d43,#EA1D1D,-0.151665926,0.014271568,-0.002616144
67e0b20ebb9ca64cd52d5d43,#F1A78A,-0.123063721,0.000611364,0.00125691
67e0b20ebb9ca64cd52d5d43,#F7A75A,-0.036255583,0.046237469,0.002949571
67e0b20ebb9ca64cd52d5d43,#FBA714,-0.031686924,0.096006602,0.002864792
67e0b20ebb9ca64cd52d5d43,#FFFFFF,-0.111124545,-0.005337667,-0.003839427
67e0b0e2b102bea2f73e3ac9,#000000,-0.389536619,0.103427306,-0.017319627
67e0b0e2b102bea2f73e3ac9,#0E8A19,0.145668194,-0.017621662,0.072865427
67e0b0e2b102bea2f73e3ac9,#1C3D61,-0.229816064,0.077944443,0.021465959
67e0b0e2b102bea2f73e3ac9,#2E3086,-0.079881079,0.096762061,0.016483014
67e0b0e2b102bea2f73e3ac9,#2F6EF6,-0.040661771,0.065562896,-0.00529758
67e0b0e2b102bea2f73e3ac9,#3B3B3B,-0.20226647,0.106495008,0.00018167
67e0b0e2b102bea2f73e3ac9,#3B8378,-0.072837919,0.091747381,0.009718286
67e0b0e2b102bea2f73e3ac9,#4BCF8E,0.210187942,0.165400714,-0.015999466
67e0b0e2b102bea2f73e3ac9,#4DC7E8,0.048819259,-0.069634847,0.035376497
67e0b0e2b102bea2f73e3ac9,#5E2B3A,-0.178704411,-0.00865544,-0.009088047
67e0b0e2b102bea2f73e3ac9,#5E78A1,-0.072144061,-0.031331945,0.018670084
67e0b0e2b102bea2f73e3ac9,#7EC6BA,0.112116076,0.094284736,0.016480073
67e0b0e2b102bea2f73e3ac9,#67CF5C,0.221627712,0.105021991,-0.016896814
67e0b0e2b102bea2f73e3ac9,#73CF10,0.335430115,0.066273011,-0.00329616
67e0b0e2b102bea2f73e3ac9,#077ACC,-0.1513028,0.011591093,0.023166277
67e0b0e2b102bea2f73e3ac9,#96C58C,0.238381624,0.03980225,0.00186976
67e0b0e2b102bea2f73e3ac9,#443B14,-0.049845014,0.10051316,-0.00106779
67e0b0e2b102bea2f73e3ac9,#512D5F,-0.286279619,0.029764166,0.013531166
67e0b0e2b102bea2f73e3ac9,#600B84,-0.215351626,0.051788803,0.02286119
67e0b0e2b102bea2f73e3ac9,#632B14,-0.236838371,-0.085897483,-0.00932907
67e0b0e2b102bea2f73e3ac9,#746BCA,-0.048925985,0.048797395,0.02325915
67e0b0e2b102bea2f73e3ac9,#3518AD,0.070064418,-0.008905297,0.018673824
67e0b0e2b102bea2f73e3ac9,#8558F4,0.074295029,0.023601519,0.018853683
67e0b0e2b102bea2f73e3ac9,#55824D,0.292281568,0.030548126,0.010126455
67e0b0e2b102bea2f73e3ac9,#72005E,-0.179095477,-0.170174509,-0.009368761
67e0b0e2b102bea2f73e3ac9,#83764C,0.181627855,-0.002800875,0.00092419
67e0b0e2b102bea2f73e3ac9,#90689F,-0.070473284,0.069756046,-0.024272088
67e0b0e2b102bea2f73e3ac9,#184415,-0.248365447,0.007301833,0.003122603
67e0b0e2b102bea2f73e3ac9,#608218,0.227481321,0.106296077,-0.006560052
67e0b0e2b102bea2f73e3ac9,#777777,-0.212495431,0.128760681,-0.001507236
67e0b0e2b102bea2f73e3ac9,#897618,0.178811118,-0.06713213,0.008891104
67e0b0e2b102bea2f73e3ac9,#A0BAE6,-0.128331095,-0.049361322,0.01959658
67e0b0e2b102bea2f73e3ac9,#A3C55B,0.211892188,0.060933273,-0.005221996
67e0b0e2b102bea2f73e3ac9,#A553C8,0.058537323,-0.066392288,0.005882761
67e0b0e2b102bea2f73e3ac9,#A06776,-0.14053148,-0.089584708,0.011130029
67e0b0e2b102bea2f73e3ac9,#A8664B,-0.156122923,0.115019746,-0.021796498
67e0b0e2b102bea2f73e3ac9,#AAC510,0.201301128,0.012128629,-0.00551904
67e0b0e2b102bea2f73e3ac9,#AC6619,0.195069015,-0.046507958,0.006308671
67e0b0e2b102bea2f73e3ac9,#B9B9B9,-0.310312271,0.078482248,-0.005710039
67e0b0e2b102bea2f73e3ac9,#B62EF2,-0.116929412,0.01110035,-0.012617052
67e0b0e2b102bea2f73e3ac9,#B8509E,-0.054037306,-0.07125894,-0.01320559
67e0b0e2b102bea2f73e3ac9,#C7B88B,0.284942806,-0.000873736,-0.014032215
67e0b0e2b102bea2f73e3ac9,#C34F74,-0.009951272,-0.117997505,-0.00770421
67e0b0e2b102bea2f73e3ac9,#C94E4B,-0.067819268,-0.069158323,-0.019080151
67e0b0e2b102bea2f73e3ac9,#CC4F1B,-0.227066025,-0.088058069,-0.000793173
67e0b0e2b102bea2f73e3ac9,#CD26C7,0.058064457,-0.153258681,0.008085747
67e0b0e2b102bea2f73e3ac9,#D0B85A,0.219313726,-0.074379563,0.01235929
67e0b0e2b102bea2f73e3ac9,#D5A9E4,0.109643333,-0.047359701,-0.008249654
67e0b0e2b102bea2f73e3ac9,#D5B811,0.174889669,-0.015973305,0.011762215
67e0b0e2b102bea2f73e3ac9,#DB1F9D,-0.060903162,-0.040810574,-0.009405131
67e0b0e2b102bea2f73e3ac9,#E6A8B7,-0.103949964,-0.16216372,0.008878549
67e0b0e2b102bea2f73e3ac9,#E31B73,0.030218152,-0.103476025,-0.040213931
67e0b0e2b102bea2f73e3ac9,#E81A4B,-0.049298342,-0.094887726,-0.019593731
67e0b0e2b102bea2f73e3ac9,#EA1D1D,0.139695346,-0.025370959,-0.018034279
67e0b0e2b102bea2f73e3ac9,#F1A78A,-0.004585315,-0.02054699,-0.056730427
67e0b0e2b102bea2f73e3ac9,#F7A75A,0.169221997,-0.009302573,-0.0102343
67e0b0e2b102bea2f73e3ac9,#FBA714,0.174481779,0.013459194,-0.022950651
67e0b0e2b102bea2f73e3ac9,#FFFFFF,0.030596148,-0.103687488,-0.009429489
67d9b3377226ad721472c284,#000000,-0.361988723,-0.094235428,-0.014536172
67d9b3377226ad721472c284,#0E8A19,-0.143180817,0.068184532,0.150770038
67d9b3377226ad721472c284,#1C3D61,-0.284165919,0.177928716,0.04240834
67d9b3377226ad721472c284,#2E3086,-0.308487892,0.323577106,0.03875199
67d9b3377226ad721472c284,#2F6EF6,0.169422507,0.173051223,0.024956813
67d9b3377226ad721472c284,#3B3B3B,-0.463135809,0.160064995,0.008612447
67d9b3377226ad721472c284,#3B8378,-0.121416517,0.112975694,0.055746663
67d9b3377226ad721472c284,#4BCF8E,0.492240399,0.123554535,0.156477034
67d9b3377226ad721472c284,#4DC7E8,0.309587181,0.107388437,0.015105927
67d9b3377226ad721472c284,#5E2B3A,-0.328399271,-0.045936719,-0.031278223
67d9b3377226ad721472c284,#5E78A1,-0.104111753,0.096620418,0.001884717
67d9b3377226ad721472c284,#7EC6BA,0.278311312,0.068685509,-0.064175449
67d9b3377226ad721472c284,#67CF5C,0.197229117,0.271429837,-0.060822718
67d9b3377226ad721472c284,#73CF10,0.370629936,0.27691108,-0.031303227
67d9b3377226ad721472c284,#077ACC,-0.011851007,-0.067874119,0.006776391
67d9b3377226ad721472c284,#96C58C,0.177654773,0.22954537,-0.027529633
67d9b3377226ad721472c284,#443B14,-0.242432937,-0.164194211,0.003611488
67d9b3377226ad721472c284,#512D5F,-0.351712495,-0.084865421,-0.037016004
67d9b3377226ad721472c284,#600B84,-0.309551805,-0.122313142,-0.078844972
67d9b3377226ad721472c284,#632B14,-0.289629579,-0.173155099,0.012725287
67d9b3377226ad721472c284,#746BCA,0.061278548,0.141523838,-0.018296663
67d9b3377226ad721472c284,#3518AD,-0.211139292,0.22867386,0.019052947
67d9b3377226ad721472c284,#8558F4,-0.067726217,0.160825297,-0.041194674
67d9b3377226ad721472c284,#55824D,-0.121398166,0.037747167,0.033743251
67d9b3377226ad721472c284,#72005E,-0.287494272,-0.317366689,0.069552623
67d9b3377226ad721472c284,#83764C,-0.14002952,0.022239972,0.041323919
67d9b3377226ad721472c284,#90689F,-0.031853952,-0.0530142,-0.071563981
67d9b3377226ad721472c284,#184415,-0.305618078,-0.201499701,0.018458994
67d9b3377226ad721472c284,#608218,-0.203673303,-0.05319434,0.031826943
67d9b3377226ad721472c284,#777777,-0.206671968,0.256584585,0.023251461
67d9b3377226ad721472c284,#897618,-0.172904626,0.090249628,-0.002061771
67d9b3377226ad721472c284,#A0BAE6,0.183743045,0.359923363,-0.06190116
67d9b3377226ad721472c284,#A3C55B,0.246249527,-0.179316744,-0.014440462
67d9b3377226ad721472c284,#A553C8,0.148611158,-0.084248826,-0.00615204
67d9b3377226ad721472c284,#A06776,-0.049968317,0.118985444,-0.053607978
67d9b3377226ad721472c284,#A8664B,-0.232885763,0.09017498,-0.082773335
67d9b3377226ad721472c284,#AAC510,0.06879995,0.068020068,-0.018442269
67d9b3377226ad721472c284,#AC6619,0.037161212,-0.070318595,0.010163386
67d9b3377226ad721472c284,#B9B9B9,-0.027278766,0.248961061,0.004756478
67d9b3377226ad721472c284,#B62EF2,-0.122798242,0.199215293,-0.015279816
67d9b3377226ad721472c284,#B8509E,-0.127363071,-0.143048525,-0.084606558
67d9b3377226ad721472c284,#C7B88B,0.067792468,0.100671425,0.037938278
67d9b3377226ad721472c284,#C34F74,0.146088481,-0.180486158,-0.190520778
67d9b3377226ad721472c284,#C94E4B,0.013172552,-0.239899397,0.070663907
67d9b3377226ad721472c284,#CC4F1B,-0.096628107,-0.307082713,0.052272946
67d9b3377226ad721472c284,#CD26C7,0.231824473,-0.214081705,-0.058182802
67d9b3377226ad721472c284,#D0B85A,0.01190885,0.140596747,0.041849982
67d9b3377226ad721472c284,#D5A9E4,0.30171296,-0.03383676,-0.059175115
67d9b3377226ad721472c284,#D5B811,0.074508905,-0.001782416,-0.063079268
67d9b3377226ad721472c284,#DB1F9D,0.207189679,-0.247342825,-0.0246913
67d9b3377226ad721472c284,#E6A8B7,0.250862449,-0.108436793,0.120187931
67d9b3377226ad721472c284,#E31B73,0.279504836,-0.295274466,0.025415991
67d9b3377226ad721472c284,#E81A4B,0.138511643,-0.272663683,-0.012187337
67d9b3377226ad721472c284,#EA1D1D,0.057584692,-0.372686058,0.144377887
67d9b3377226ad721472c284,#F1A78A,0.306044877,-0.090377219,-0.03367687
67d9b3377226ad721472c284,#F7A75A,0.256743908,-0.197811246,-0.104074731
67d9b3377226ad721472c284,#FBA714,0.120871291,-0.176810712,-0.02314554
67d9b3377226ad721472c284,#FFFFFF,0.520255208,0.138844088,0.121896766
67cf7f5b619aaaf67b568ee8,#000000,-0.064495899,-0.009891715,-0.091270208
67cf7f5b619aaaf67b568ee8,#0E8A19,-0.195496589,0.002318057,0.10345149
67cf7f5b619aaaf67b568ee8,#1C3D61,0.025607899,0.103347696,-0.015237284
67cf7f5b619aaaf67b568ee8,#2E3086,-0.005557234,-0.095760234,-0.028521895
67cf7f5b619aaaf67b568ee8,#2F6EF6,-0.027242426,-0.062668443,-0.084191605
67cf7f5b619aaaf67b568ee8,#3B3B3B,0.033359427,0.079805501,0.029668555
67cf7f5b619aaaf67b568ee8,#3B8378,0.010131638,0.011247409,0.049529508
67cf7f5b619aaaf67b568ee8,#4BCF8E,-0.023230508,-0.102826752,-0.024776015
67cf7f5b619aaaf67b568ee8,#4DC7E8,0.133507133,-0.152903855,0.024607902
67cf7f5b619aaaf67b568ee8,#5E2B3A,0.089327805,0.045517832,-0.018877551
67cf7f5b619aaaf67b568ee8,#5E78A1,0.049215108,-0.111394174,0.055290241
67cf7f5b619aaaf67b568ee8,#7EC6BA,-0.115110174,-0.030209703,0.066569567
67cf7f5b619aaaf67b568ee8,#67CF5C,-0.123704337,-0.113337889,0.024817176
67cf7f5b619aaaf67b568ee8,#73CF10,-0.066603236,-0.127421618,0.008655451
67cf7f5b619aaaf67b568ee8,#077ACC,0.078812294,0.02221947,0.11925637
67cf7f5b619aaaf67b568ee8,#96C58C,-0.165034592,0.069026954,0.011448349
67cf7f5b619aaaf67b568ee8,#443B14,-0.176777139,-0.027094148,0.07146553
67cf7f5b619aaaf67b568ee8,#512D5F,0.02128908,0.081806451,-0.030076729
67cf7f5b619aaaf67b568ee8,#600B84,0.045239285,0.086165406,-0.014781265
67cf7f5b619aaaf67b568ee8,#632B14,-0.072912946,0.083379239,-0.067204267
67cf7f5b619aaaf67b568ee8,#746BCA,0.011745678,0.057421271,0.099254586
67cf7f5b619aaaf67b568ee8,#3518AD,0.202704757,-0.170819685,0.124791719
67cf7f5b619aaaf67b568ee8,#8558F4,0.051751819,-0.011967346,0.047176149
67cf7f5b619aaaf67b568ee8,#55824D,-0.182255998,0.069060184,0.003846006
67cf7f5b619aaaf67b568ee8,#72005E,0.11525289,0.067548126,0.068016887
67cf7f5b619aaaf67b568ee8,#83764C,-0.06218813,0.018310633,-0.018822625
67cf7f5b619aaaf67b568ee8,#90689F,0.090043619,0.072625972,0.040309258
67cf7f5b619aaaf67b568ee8,#184415,-0.159428313,0.127568483,-0.019771069
67cf7f5b619aaaf67b568ee8,#608218,-0.193560779,-0.006283615,0.053866692
67cf7f5b619aaaf67b568ee8,#777777,-0.052077897,0.042345561,-0.08642482
67cf7f5b619aaaf67b568ee8,#897618,-0.105253913,-0.026427716,0.060982108
67cf7f5b619aaaf67b568ee8,#A0BAE6,0.070677131,-0.103243098,0.019033881
67cf7f5b619aaaf67b568ee8,#A3C55B,-0.172009096,0.039169487,0.025207473
67cf7f5b619aaaf67b568ee8,#A553C8,0.117669106,0.182667732,0.076865539
67cf7f5b619aaaf67b568ee8,#A06776,0.068251111,-0.049657784,-0.000304402
67cf7f5b619aaaf67b568ee8,#A8664B,0.066680357,0.086902797,-0.004188051
67cf7f5b619aaaf67b568ee8,#AAC510,-0.085085519,-0.1364429,-0.069502592
67cf7f5b619aaaf67b568ee8,#AC6619,-0.115426727,0.058089081,-0.011848904
67cf7f5b619aaaf67b568ee8,#B9B9B9,0.012587072,-0.05980327,0.000857418
67cf7f5b619aaaf67b568ee8,#B62EF2,0.161267623,0.049492966,-0.086011507
67cf7f5b619aaaf67b568ee8,#B8509E,0.066385709,-0.019888623,-0.026129633
67cf7f5b619aaaf67b568ee8,#C7B88B,-0.061143287,-0.033018418,-0.042159021
67cf7f5b619aaaf67b568ee8,#C34F74,0.116671368,0.013683778,-0.056541223
67cf7f5b619aaaf67b568ee8,#C94E4B,0.117677264,0.059260048,-0.110558353
67cf7f5b619aaaf67b568ee8,#CC4F1B,0.051564604,-0.041955877,-0.0847013
67cf7f5b619aaaf67b568ee8,#CD26C7,0.073636293,0.136142761,0.014287055
67cf7f5b619aaaf67b568ee8,#D0B85A,-0.003714364,-0.068975195,-0.004597746
67cf7f5b619aaaf67b568ee8,#D5A9E4,0.082540475,0.037615404,0.009840982
67cf7f5b619aaaf67b568ee8,#D5B811,-0.084457263,-0.027824514,0.014269765
67cf7f5b619aaaf67b568ee8,#DB1F9D,0.103738651,0.160751104,0.060452048
67cf7f5b619aaaf67b568ee8,#E6A8B7,0.073344469,0.008971984,-0.016701791
67cf7f5b619aaaf67b568ee8,#E31B73,-0.070227854,0.052370258,-0.075517923
67cf7f5b619aaaf67b568ee8,#E81A4B,0.119846389,-0.108036876,-0.010685847
67cf7f5b619aaaf67b568ee8,#EA1D1D,-0.009785521,-0.015729373,-0.141198501
67cf7f5b619aaaf67b568ee8,#F1A78A,0.076888017,-0.017773837,0.032043424
67cf7f5b619aaaf67b568ee8,#F7A75A,0.05168426,-0.055930741,-0.045790941
67cf7f5b619aaaf67b568ee8,#FBA714,0.009978459,0.067998797,-0.022842208
67cf7f5b619aaaf67b568ee8,#FFFFFF,-0.00629697,-0.205543056,-0.006625722
67d9c40e153011f49e8a61ca,#000000,-0.867675722,-0.111596167,-0.207520321
67d9c40e153011f49e8a61ca,#0E8A19,0.15695855,0.275957972,0.022822542
67d9c40e153011f49e8a61ca,#1C3D61,-0.217237636,0.208926141,-0.006756322
67d9c40e153011f49e8a61ca,#2E3086,-0.107243635,0.259516865,-0.228766456
67d9c40e153011f49e8a61ca,#2F6EF6,-0.120693967,0.144156173,-0.204701707
67d9c40e153011f49e8a61ca,#3B3B3B,-0.658212304,0.035092566,-0.052968018
67d9c40e153011f49e8a61ca,#3B8378,-0.228381887,0.231590211,0.031276383
67d9c40e153011f49e8a61ca,#4BCF8E,0.011627442,-0.136633381,0.141217589
67d9c40e153011f49e8a61ca,#4DC7E8,-0.342645556,-0.153886169,-0.038250923
67d9c40e153011f49e8a61ca,#5E2B3A,-0.093029007,0.091119751,-0.013780572
67d9c40e153011f49e8a61ca,#5E78A1,-0.218471169,-0.014977414,-0.103720143
67d9c40e153011f49e8a61ca,#7EC6BA,-0.156035587,0.038406666,-0.041662835
67d9c40e153011f49e8a61ca,#67CF5C,0.069896318,-0.156229645,0.192547739
67d9c40e153011f49e8a61ca,#73CF10,0.240190282,0.235742077,0.13489081
67d9c40e153011f49e8a61ca,#077ACC,-0.100126483,0.395170599,-0.166327849
67d9c40e153011f49e8a61ca,#96C58C,-0.054360732,-0.066563025,0.142105788
67d9c40e153011f49e8a61ca,#443B14,-0.086118683,0.129569933,0.235842451
67d9c40e153011f49e8a61ca,#512D5F,-0.180070117,0.031628937,-0.240029931
67d9c40e153011f49e8a61ca,#600B84,0.01656466,0.176905543,-0.284895718
67d9c40e153011f49e8a61ca,#632B14,-0.132714108,-0.112718038,0.337819934
67d9c40e153011f49e8a61ca,#746BCA,-0.116672233,-0.004730618,-0.123089321
67d9c40e153011f49e8a61ca,#3518AD,0.082840934,0.324451715,-0.161078855
67d9c40e153011f49e8a61ca,#8558F4,0.045404445,-0.02748082,-0.144827932
67d9c40e153011f49e8a61ca,#55824D,-0.120337136,-0.099440299,0.232463598
67d9c40e153011f49e8a61ca,#72005E,-0.00748626,0.220085517,-0.120179251
67d9c40e153011f49e8a61ca,#83764C,0.005068143,-0.132588372,0.310194701
67d9c40e153011f49e8a61ca,#90689F,0.071886174,-0.019405492,-0.134601906
67d9c40e153011f49e8a61ca,#184415,0.010585475,0.298710048,0.094882689
67d9c40e153011f49e8a61ca,#608218,-0.042020936,0.066065095,0.142003819
67d9c40e153011f49e8a61ca,#777777,-0.250290424,-0.174963474,0.138324529
67d9c40e153011f49e8a61ca,#897618,-0.194646955,-0.012110604,0.177521259
67d9c40e153011f49e8a61ca,#A0BAE6,-0.177021354,-0.144015282,-0.073281318
67d9c40e153011f49e8a61ca,#A3C55B,0.223677829,0.210944116,0.181871817
67d9c40e153011f49e8a61ca,#A553C8,0.077807918,0.000681582,-0.102621809
67d9c40e153011f49e8a61ca,#A06776,0.045848303,-0.024280816,-0.052835546
67d9c40e153011f49e8a61ca,#A8664B,0.054364905,0.022185307,0.145286605
67d9c40e153011f49e8a61ca,#AAC510,0.120800927,0.201880187,0.346138626
67d9c40e153011f49e8a61ca,#AC6619,-0.31988734,0.246812239,0.268595278
67d9c40e153011f49e8a61ca,#B9B9B9,-0.171675444,-0.189850122,0.101489127
67d9c40e153011f49e8a61ca,#B62EF2,0.154992849,-0.100311279,-0.247179389
67d9c40e153011f49e8a61ca,#B8509E,0.08857426,-0.104144521,-0.049632601
67d9c40e153011f49e8a61ca,#C7B88B,0.008483017,-0.175310969,0.231368914
67d9c40e153011f49e8a61ca,#C34F74,0.122166082,-0.084803283,-0.129392341
67d9c40e153011f49e8a61ca,#C94E4B,0.281620234,-0.439268738,0.177964553
67d9c40e153011f49e8a61ca,#CC4F1B,0.392876655,0.068067394,0.180715412
67d9c40e153011f49e8a61ca,#CD26C7,0.211938486,0.321711779,-0.190556854
67d9c40e153011f49e8a61ca,#D0B85A,-0.034678269,-0.154705778,0.230511203
67d9c40e153011f49e8a61ca,#D5A9E4,0.028597146,-0.140261099,-0.149161652
67d9c40e153011f49e8a61ca,#D5B811,0.095132329,0.116185114,0.195253208
67d9c40e153011f49e8a61ca,#DB1F9D,0.379135519,-0.075440682,-0.250001431
67d9c40e153011f49e8a61ca,#E6A8B7,0.042605735,-0.18736057,-0.101587266
67d9c40e153011f49e8a61ca,#E31B73,0.533303559,0.047240276,-0.176940948
67d9c40e153011f49e8a61ca,#E81A4B,0.422324002,-0.391150475,-0.104584083
67d9c40e153011f49e8a61ca,#EA1D1D,0.822630942,-0.010882278,-0.171401814
67d9c40e153011f49e8a61ca,#F1A78A,0.039674181,-0.349716663,-0.181530148
67d9c40e153011f49e8a61ca,#F7A75A,0.069290727,-0.063942395,0.046552017
67d9c40e153011f49e8a61ca,#FBA714,0.335095912,-0.069991469,0.154982552
67d9c40e153011f49e8a61ca,#FFFFFF,-0.264230669,-0.470044345,-0.340777993
67cfa51d8e36fbf062b9c47b,#000000,-0.03035666,0.197940826,0.560003936
67cfa51d8e36fbf062b9c47b,#0E8A19,0.049405083,0.345133096,0.187079191
67cfa51d8e36fbf062b9c47b,#1C3D61,0.234885752,0.263851374,-0.264189094
67cfa51d8e36fbf062b9c47b,#2E3086,0.398040205,-0.102757491,0.093898691
67cfa51d8e36fbf062b9c47b,#2F6EF6,-0.147927016,-0.301643819,-0.169932753
67cfa51d8e36fbf062b9c47b,#3B3B3B,0.422590137,0.082043432,0.095869675
67cfa51d8e36fbf062b9c47b,#3B8378,0.199287325,-0.077270612,-0.164515153
67cfa51d8e36fbf062b9c47b,#4BCF8E,0.147053838,-0.046271089,0.002614611
67cfa51d8e36fbf062b9c47b,#4DC7E8,-0.047422111,0.022714298,0.379056156
67cfa51d8e36fbf062b9c47b,#5E2B3A,-0.08628282,0.059347823,-0.106074058
67cfa51d8e36fbf062b9c47b,#5E78A1,-0.021003343,-0.331608981,-0.213530377
67cfa51d8e36fbf062b9c47b,#7EC6BA,0.205253825,0.067092918,-0.007248971
67cfa51d8e36fbf062b9c47b,#67CF5C,0.003984387,0.114803299,0.087037362
67cfa51d8e36fbf062b9c47b,#73CF10,0.100426935,-0.031464603,-0.012257378
67cfa51d8e36fbf062b9c47b,#077ACC,0.098780051,-0.032807335,-0.258003592
67cfa51d8e36fbf062b9c47b,#96C58C,0.158757716,0.154105723,0.067936845
67cfa51d8e36fbf062b9c47b,#443B14,0.216802254,0.279571354,0.189426914
67cfa51d8e36fbf062b9c47b,#512D5F,-0.041980226,-0.218306646,-0.224487767
67cfa51d8e36fbf062b9c47b,#600B84,0.207002982,0.041882902,-0.565404654
67cfa51d8e36fbf062b9c47b,#632B14,-0.164913967,0.414437652,-0.235262528
67cfa51d8e36fbf062b9c47b,#746BCA,0.07082969,0.087851569,-0.317220837
67cfa51d8e36fbf062b9c47b,#3518AD,0.030943722,-0.245636478,-0.170488179
67cfa51d8e36fbf062b9c47b,#8558F4,-0.154594272,-0.340886891,-0.10467501
67cfa51d8e36fbf062b9c47b,#55824D,0.253290951,0.076818779,0.107281618
67cfa51d8e36fbf062b9c47b,#72005E,-0.295047194,-0.299366742,-0.076843441
67cfa51d8e36fbf062b9c47b,#83764C,0.17744334,-0.329766631,-0.145787776
67cfa51d8e36fbf062b9c47b,#90689F,-0.025395595,-0.282928765,0.0358935
67cfa51d8e36fbf062b9c47b,#184415,0.09043207,0.211924806,-0.268903613
67cfa51d8e36fbf062b9c47b,#608218,0.064257771,0.189055488,-0.014810278
67cfa51d8e36fbf062b9c47b,#777777,0.677482009,-0.199523404,0.282826096
67cfa51d8e36fbf062b9c47b,#897618,-0.409041405,-0.051950656,0.053914044
67cfa51d8e36fbf062b9c47b,#A0BAE6,0.553898215,-0.011195666,-0.086515322
67cfa51d8e36fbf062b9c47b,#A3C55B,0.063855506,0.166247696,-0.011229509
67cfa51d8e36fbf062b9c47b,#A553C8,-0.145051345,-0.244934499,0.050947115
67cfa51d8e36fbf062b9c47b,#A06776,-0.329026759,-0.1264375,0.153643906
67cfa51d8e36fbf062b9c47b,#A8664B,-0.372247547,-0.005264082,-0.169788867
67cfa51d8e36fbf062b9c47b,#AAC510,-0.002898936,0.415516764,-0.027282694
67cfa51d8e36fbf062b9c47b,#AC6619,-0.445433319,-0.078235626,0.109421149
67cfa51d8e36fbf062b9c47b,#B9B9B9,0.054458331,0.262812048,0.258199126
67cfa51d8e36fbf062b9c47b,#B62EF2,-0.053812932,-0.21669805,0.182817891
67cfa51d8e36fbf062b9c47b,#B8509E,0.027138505,0.281985819,-0.361064643
67cfa51d8e36fbf062b9c47b,#C7B88B,0.164273947,-0.284625828,-0.043515123
67cfa51d8e36fbf062b9c47b,#C34F74,-0.048141051,-0.022778146,0.109001607
67cfa51d8e36fbf062b9c47b,#C94E4B,-0.293923974,0.240105703,0.086450934
67cfa51d8e36fbf062b9c47b,#CC4F1B,-0.025415905,0.263593704,0.057645787
67cfa51d8e36fbf062b9c47b,#CD26C7,-0.309893548,-0.285547525,-0.18332389
67cfa51d8e36fbf062b9c47b,#D0B85A,-0.280264735,0.225974873,0.239779145
67cfa51d8e36fbf062b9c47b,#D5A9E4,0.006681252,-0.150131032,0.162787393
67cfa51d8e36fbf062b9c47b,#D5B811,-0.242832124,0.104223408,0.121380739
67cfa51d8e36fbf062b9c47b,#DB1F9D,-0.108374469,0.037295654,0.109260283
67cfa51d8e36fbf062b9c47b,#E6A8B7,-0.106487609,-0.141580939,0.186133534
67cfa51d8e36fbf062b9c47b,#E31B73,-0.122445405,0.224408492,-0.157418728
67cfa51d8e36fbf062b9c47b,#E81A4B,0.310639977,-0.172806144,0.229645416
67cfa51d8e36fbf062b9c47b,#EA1D1D,-0.1915261,0.386280447,-0.176686004
67cfa51d8e36fbf062b9c47b,#F1A78A,-0.216022164,-0.142112628,0.113165841
67cfa51d8e36fbf062b9c47b,#F7A75A,-0.025567606,0.020936061,-0.008330194
67cfa51d8e36fbf062b9c47b,#FBA714,-0.365279824,0.0294927,0.058239166
67cfa51d8e36fbf062b9c47b,#FFFFFF,0.120713308,-0.492910862,0.17343308
67cf84b36c1b29fe5c542a3e,#000000,-0.544798136,0.080455393,-0.166444197
67cf84b36c1b29fe5c542a3e,#0E8A19,0.402962834,0.166049346,-0.055300482
67cf84b36c1b29fe5c542a3e,#1C3D61,0.096525043,0.304095596,0.000365716
67cf84b36c1b29fe5c542a3e,#2E3086,-0.116549931,0.324747473,-0.041720681
67cf84b36c1b29fe5c542a3e,#2F6EF6,0.054759294,0.351441592,0.026668601
67cf84b36c1b29fe5c542a3e,#3B3B3B,0.312312752,-0.004417096,-0.068964519
67cf84b36c1b29fe5c542a3e,#3B8378,-0.056624666,0.255657911,0.011664274
67cf84b36c1b29fe5c542a3e,#4BCF8E,0.521965027,0.276306391,-0.027633099
67cf84b36c1b29fe5c542a3e,#4DC7E8,0.120396428,0.178654,0.003663798
67cf84b36c1b29fe5c542a3e,#5E2B3A,-0.3553918,-0.123196952,0.010136639
67cf84b36c1b29fe5c542a3e,#5E78A1,-0.161126047,0.308671474,-0.032585766
67cf84b36c1b29fe5c542a3e,#7EC6BA,0.054434419,0.35236311,0.081878103
67cf84b36c1b29fe5c542a3e,#67CF5C,0.470526069,0.158755019,0.006636807
67cf84b36c1b29fe5c542a3e,#73CF10,0.358543426,0.133076712,0.106903709
67cf84b36c1b29fe5c542a3e,#077ACC,-0.050809361,0.282128125,0.001328354
67cf84b36c1b29fe5c542a3e,#96C58C,0.489735335,0.048162989,-0.026884502
67cf84b36c1b29fe5c542a3e,#443B14,0.461536884,0.016279502,0.042873431
67cf84b36c1b29fe5c542a3e,#512D5F,-0.342100263,0.112389855,-0.033948593
67cf84b36c1b29fe5c542a3e,#600B84,-0.505402505,0.141115829,-0.052754167
67cf84b36c1b29fe5c542a3e,#632B14,0.168887928,-0.488009363,-0.082332231
67cf84b36c1b29fe5c542a3e,#746BCA,-0.239614055,0.202102855,0.012530774
67cf84b36c1b29fe5c542a3e,#3518AD,-0.302771389,0.295059621,-0.037896089
67cf84b36c1b29fe5c542a3e,#8558F4,-0.42165947,0.074273854,-0.002889587
67cf84b36c1b29fe5c542a3e,#55824D,0.48340252,0.132343635,-0.069801666
67cf84b36c1b29fe5c542a3e,#72005E,-0.464299142,-0.062443644,-0.040400475
67cf84b36c1b29fe5c542a3e,#83764C,0.346396327,-0.031548172,0.02753328
67cf84b36c1b29fe5c542a3e,#90689F,-0.365193695,-0.036935519,0.024440249
67cf84b36c1b29fe5c542a3e,#184415,0.419184923,0.262130052,0.02409533
67cf84b36c1b29fe5c542a3e,#608218,0.376527518,0.051624067,0.012033325
67cf84b36c1b29fe5c542a3e,#777777,0.122717351,-0.031586476,0.079971179
67cf84b36c1b29fe5c542a3e,#897618,0.288516581,-0.195954323,-0.023630172
67cf84b36c1b29fe5c542a3e,#A0BAE6,-0.228835702,0.319405138,-0.057087053
67cf84b36c1b29fe5c542a3e,#A3C55B,0.603653491,0.080451004,0.000715163
67cf84b36c1b29fe5c542a3e,#A553C8,-0.402202606,0.084004924,-0.014762808
67cf84b36c1b29fe5c542a3e,#A06776,-0.270828098,-0.019362224,0.059226729
67cf84b36c1b29fe5c542a3e,#A8664B,-0.025200624,-0.419353664,-0.025523759
67cf84b36c1b29fe5c542a3e,#AAC510,0.470281482,0.13843894,0.210654333
67cf84b36c1b29fe5c542a3e,#AC6619,0.412779361,-0.487168014,-0.067358963
67cf84b36c1b29fe5c542a3e,#B9B9B9,-0.210842684,0.258136302,-0.102208354
67cf84b36c1b29fe5c542a3e,#B62EF2,-0.335864604,-0.047110535,-0.013352843
67cf84b36c1b29fe5c542a3e,#B8509E,-0.377843052,-0.01144926,0.097309224
67cf84b36c1b29fe5c542a3e,#C7B88B,0.282861352,-0.20797956,-0.042559855
67cf84b36c1b29fe5c542a3e,#C34F74,-0.346291542,-0.136195347,0.045159761
67cf84b36c1b29fe5c542a3e,#C94E4B,-0.043003745,-0.287236571,0.030374169
67cf84b36c1b29fe5c542a3e,#CC4F1B,0.092882767,-0.371623397,-0.019026646
67cf84b36c1b29fe5c542a3e,#CD26C7,-0.392295778,-0.023504326,0.022612486
67cf84b36c1b29fe5c542a3e,#D0B85A,0.346383899,-0.254425287,-0.063142352
67cf84b36c1b29fe5c542a3e,#D5A9E4,-0.318416715,0.04241341,0.004584348
67cf84b36c1b29fe5c542a3e,#D5B811,0.379550546,-0.248132586,0.009462189
67cf84b36c1b29fe5c542a3e,#DB1F9D,-0.315555722,-0.191674829,0.102279432
67cf84b36c1b29fe5c542a3e,#E6A8B7,-0.37488234,-0.091678187,-0.069976978
67cf84b36c1b29fe5c542a3e,#E31B73,-0.23041448,-0.121270247,0.27627179
67cf84b36c1b29fe5c542a3e,#E81A4B,-0.29554069,-0.304949373,0.044690099
67cf84b36c1b29fe5c542a3e,#EA1D1D,-0.352849662,-0.506201625,0.074217431
67cf84b36c1b29fe5c542a3e,#F1A78A,-0.120839231,-0.16741541,-0.070531659
67cf84b36c1b29fe5c542a3e,#F7A75A,-0.038532205,-0.342617601,-0.013879579
67cf84b36c1b29fe5c542a3e,#FBA714,0.441309363,-0.30226475,-0.076490223
67cf84b36c1b29fe5c542a3e,#FFFFFF,0.027547039,0.084969603,-0.051193431
67cf96808499920246ef065a,#000000,-0.307883918,-0.024530089,0.010030318
67cf96808499920246ef065a,#0E8A19,-0.012439188,-0.005132842,0.005393304
67cf96808499920246ef065a,#1C3D61,-0.311540872,0.034009974,-0.004092454
67cf96808499920246ef065a,#2E3086,-0.404936075,-0.047071334,-0.010800664
67cf96808499920246ef065a,#2F6EF6,0.177009746,0.013610746,-0.018833322
67cf96808499920246ef065a,#3B3B3B,-0.37495932,-0.009649795,0.003961754
67cf96808499920246ef065a,#3B8378,-0.283744454,-0.00511768,-0.000878707
67cf96808499920246ef065a,#4BCF8E,0.334071845,0.026816709,0.00405317
67cf96808499920246ef065a,#4DC7E8,0.192924187,0.144225344,0.021840792
67cf96808499920246ef065a,#5E2B3A,-0.348574787,0.072176911,-0.00794962
67cf96808499920246ef065a,#5E78A1,-0.318792075,-0.098580875,0.046257213
67cf96808499920246ef065a,#7EC6BA,0.264116704,0.029753581,0.003709972
67cf96808499920246ef065a,#67CF5C,0.363561749,-0.013844359,-0.019078145
67cf96808499920246ef065a,#73CF10,0.287850112,-0.097692989,-0.015860308
67cf96808499920246ef065a,#077ACC,0.03957063,0.009296898,-0.007993187
67cf96808499920246ef065a,#96C58C,0.08368697,-0.011717025,0.00946028
67cf96808499920246ef065a,#443B14,-0.34646681,0.012557382,0.009834358
67cf96808499920246ef065a,#512D5F,-0.152363777,-0.016289225,-0.00265936
67cf96808499920246ef065a,#600B84,-0.067115888,-0.035333682,0.00098008
67cf96808499920246ef065a,#632B14,-0.205180213,0.049785972,-0.00510456
67cf96808499920246ef065a,#746BCA,-0.140339985,-0.001221861,0.000488926
67cf96808499920246ef065a,#3518AD,-0.001484072,0.011127177,0.000950552
67cf96808499920246ef065a,#8558F4,-0.076878376,-0.07450743,0.016139165
67cf96808499920246ef065a,#55824D,-0.257342994,0.003042044,-0.003380552
67cf96808499920246ef065a,#72005E,0.063772954,-0.025027649,-0.006166128
67cf96808499920246ef065a,#83764C,-0.345203847,0.002324231,-0.002361513
67cf96808499920246ef065a,#90689F,-0.204757109,-0.0189113,-0.037246898
67cf96808499920246ef065a,#184415,-0.173702925,0.003130497,-0.009643566
67cf96808499920246ef065a,#608218,-0.227707267,0.012969272,-0.00060141
67cf96808499920246ef065a,#777777,-0.320965797,0.0185945,0.000965345
67cf96808499920246ef065a,#897618,-0.185898334,0.028199119,0.017884912
67cf96808499920246ef065a,#A0BAE6,0.112212405,0.007409346,0.008736539
67cf96808499920246ef065a,#A3C55B,0.23863183,-0.100633815,-0.043794077
67cf96808499920246ef065a,#A553C8,-0.058495447,-0.019509254,-0.006795151
67cf96808499920246ef065a,#A06776,-0.3296763,-0.019392194,-0.00967704
67cf96808499920246ef065a,#A8664B,-0.24775584,0.053438954,-0.010386962
67cf96808499920246ef065a,#AAC510,0.322632641,-0.018561369,-0.000980788
67cf96808499920246ef065a,#AC6619,-0.303915292,-0.014000742,0.008302239
67cf96808499920246ef065a,#B9B9B9,-0.060051009,-0.19910033,0.051879179
67cf96808499920246ef065a,#B62EF2,0.007789664,0.06794823,-0.022351364
67cf96808499920246ef065a,#B8509E,-0.045643482,0.0142298,-0.011504968
67cf96808499920246ef065a,#C7B88B,0.143134162,0.062280659,0.006480326
67cf96808499920246ef065a,#C34F74,-0.108782157,0.017840618,-0.007675458
67cf96808499920246ef065a,#C94E4B,-0.061653502,-0.029884661,-0.012164502
67cf96808499920246ef065a,#CC4F1B,-0.029058119,0.081318587,-0.007531415
67cf96808499920246ef065a,#CD26C7,0.27183038,-0.060990848,-0.017689446
67cf96808499920246ef065a,#D0B85A,0.204431921,0.091318421,0.001046058
67cf96808499920246ef065a,#D5A9E4,0.261874467,-0.001656183,0.010673363
67cf96808499920246ef065a,#D5B811,0.321796983,-0.11147432,0.00835269
67cf96808499920246ef065a,#DB1F9D,0.27212292,0.0168586,-0.009424327
67cf96808499920246ef065a,#E6A8B7,0.272800833,0.088402793,0.042413779
67cf96808499920246ef065a,#E31B73,0.262965113,0.040398635,-0.080996968
67cf96808499920246ef065a,#E81A4B,0.416202366,-0.020846045,-0.013468039
67cf96808499920246ef065a,#EA1D1D,0.504340649,0.006085859,0.009372273
67cf96808499920246ef065a,#F1A78A,0.03419444,0.050643511,0.009262356
67cf96808499920246ef065a,#F7A75A,0.092175782,0.035398018,0.010426455
67cf96808499920246ef065a,#FBA714,0.410386533,-0.11787279,0.008430568
67cf96808499920246ef065a,#FFFFFF,0.357221484,0.093358286,0.079764917
67e0ac072a67f1699095da67,#000000,-0.095652997,0.008212485,0.107563794
67e0ac072a67f1699095da67,#0E8A19,-0.345207483,-0.034013174,-0.03889522
67e0ac072a67f1699095da67,#1C3D61,-0.187705606,-0.229619652,0.083630964
67e0ac072a67f1699095da67,#2E3086,0.116868369,-0.416475862,0.180411607
67e0ac072a67f1699095da67,#2F6EF6,0.080884904,-0.069545344,-0.070905544
67e0ac072a67f1699095da67,#3B3B3B,0.196015701,-0.260439217,0.267256618
67e0ac072a67f1699095da67,#3B8378,-0.183018789,-0.136665672,-0.023687217
67e0ac072a67f1699095da67,#4BCF8E,-0.114509121,-0.068554729,-0.131963521
67e0ac072a67f1699095da67,#4DC7E8,-0.035119019,-0.075084612,-0.105166756
67e0ac072a67f1699095da67,#5E2B3A,0.343109637,-0.066012517,0.03063613
67e0ac072a67f1699095da67,#5E78A1,-0.094961368,-0.002356254,0.069980957
67e0ac072a67f1699095da67,#7EC6BA,-0.180493593,-0.12066631,-0.010058586
67e0ac072a67f1699095da67,#67CF5C,-0.320387065,-0.039317235,-0.081408903
67e0ac072a67f1699095da67,#73CF10,-0.346778333,-0.032095056,0.042592719
67e0ac072a67f1699095da67,#077ACC,-0.115170442,-0.004780754,-0.001205878
67e0ac072a67f1699095da67,#96C58C,-0.357119024,0.092583776,-0.03560175
67e0ac072a67f1699095da67,#443B14,-0.451425135,0.068927877,0.317818522
67e0ac072a67f1699095da67,#512D5F,0.368092805,-0.026092846,0.070506342
67e0ac072a67f1699095da67,#600B84,0.216116354,-0.101297617,-0.061502244
67e0ac072a67f1699095da67,#632B14,0.222582325,0.308636487,0.131176353
67e0ac072a67f1699095da67,#746BCA,-0.043317374,-0.047363635,0.02544618
67e0ac072a67f1699095da67,#3518AD,-0.379283726,0.018457074,-0.000956544
67e0ac072a67f1699095da67,#8558F4,0.179610521,-0.042597134,-0.013926987
67e0ac072a67f1699095da67,#55824D,-0.38330394,0.108248308,-0.036147747
67e0ac072a67f1699095da67,#72005E,0.249780297,-0.055246662,0.086353593
67e0ac072a67f1699095da67,#83764C,-0.20439446,0.016839273,0.02432741
67e0ac072a67f1699095da67,#90689F,0.040877666,-0.002331666,-0.028523548
67e0ac072a67f1699095da67,#184415,-0.381549925,-0.1122109,-0.117949411
67e0ac072a67f1699095da67,#608218,-0.287746608,0.037162151,-0.01239005
67e0ac072a67f1699095da67,#777777,-0.220074326,0.117622063,0.121390857
67e0ac072a67f1699095da67,#897618,-0.374904752,-0.0123378,-0.095761918
67e0ac072a67f1699095da67,#A0BAE6,-0.10631986,0.014576854,0.057403632
67e0ac072a67f1699095da67,#A3C55B,-0.327253401,-0.07877928,-0.061740309
67e0ac072a67f1699095da67,#A553C8,0.301306158,-0.018973118,-0.036321793
67e0ac072a67f1699095da67,#A06776,0.18038331,-0.075433031,0.037951488
67e0ac072a67f1699095da67,#A8664B,0.294498116,0.18746227,-0.016795568
67e0ac072a67f1699095da67,#AAC510,-0.40679583,0.058610264,-0.070023812
67e0ac072a67f1699095da67,#AC6619,0.00301154,0.361367762,0.155421376
67e0ac072a67f1699095da67,#B9B9B9,-0.111869365,-0.129522473,0.138589725
67e0ac072a67f1699095da67,#B62EF2,0.178011343,-0.055897254,-0.111718491
67e0ac072a67f1699095da67,#B8509E,0.265796989,0.029997673,-0.026951369
67e0ac072a67f1699095da67,#C7B88B,-0.19676882,0.116627127,0.040632196
67e0ac072a67f1699095da67,#C34F74,0.327887207,0.063676998,0.01282958
67e0ac072a67f1699095da67,#C94E4B,0.27041471,0.074196801,-0.007267808
67e0ac072a67f1699095da67,#CC4F1B,0.310672075,0.149736971,0.072676145
67e0ac072a67f1699095da67,#CD26C7,0.304891407,-0.072132364,-0.063264683
67e0ac072a67f1699095da67,#D0B85A,-0.125252038,-0.001297317,-0.314893514
67e0ac072a67f1699095da67,#D5A9E4,0.124343023,-0.001639822,-0.01295438
67e0ac072a67f1699095da67,#D5B811,-0.039721984,0.092046931,-0.256797373
67e0ac072a67f1699095da67,#DB1F9D,0.40890336,0.002010189,-0.056291748
67e0ac072a67f1699095da67,#E6A8B7,0.163237497,-0.032348488,0.012316753
67e0ac072a67f1699095da67,#E31B73,0.232027799,-0.034912057,-0.019484119
67e0ac072a67f1699095da67,#E81A4B,0.377796501,0.024540458,-0.082125232
67e0ac072a67f1699095da67,#EA1D1D,0.435417742,-0.080189615,-0.15566805
67e0ac072a67f1699095da67,#F1A78A,0.26945588,0.119525984,0.015008328
67e0ac072a67f1699095da67,#F7A75A,0.037756383,0.181388512,0.034944389
67e0ac072a67f1699095da67,#FBA714,-0.006565974,0.170643434,-0.095656283
67e0ac072a67f1699095da67,#FFFFFF,-0.077079616,0.113131613,0.117140673
67e0b10099ad27cd0662a9dc,#000000,0.75703156,-0.668389797,0.343864888
67e0b10099ad27cd0662a9dc,#0E8A19,-0.510732472,-0.057167489,-0.103520505
67e0b10099ad27cd0662a9dc,#1C3D61,-0.090791188,-0.328337401,-0.009479774
67e0b10099ad27cd0662a9dc,#2E3086,-0.285465986,-0.433361948,-0.084271602
67e0b10099ad27cd0662a9dc,#2F6EF6,-0.282177061,-0.091199435,-0.108183131
67e0b10099ad27cd0662a9dc,#3B3B3B,0.395607471,-0.628758788,0.260232598
67e0b10099ad27cd0662a9dc,#3B8378,-0.226291016,-0.241771221,0.028594404
67e0b10099ad27cd0662a9dc,#4BCF8E,-0.603459895,-0.168717861,-0.074045762
67e0b10099ad27cd0662a9dc,#4DC7E8,-0.557861567,-0.331757516,-0.276308954
67e0b10099ad27cd0662a9dc,#5E2B3A,0.51357919,0.061763424,-0.008671349
67e0b10099ad27cd0662a9dc,#5E78A1,-0.814607978,-0.348635912,-0.055898212
67e0b10099ad27cd0662a9dc,#7EC6BA,-0.774014533,-0.123156458,-0.013860701
67e0b10099ad27cd0662a9dc,#67CF5C,-0.664456844,0.124831736,-0.090104096
67e0b10099ad27cd0662a9dc,#73CF10,-0.527744651,-0.01011889,-0.208794698
67e0b10099ad27cd0662a9dc,#077ACC,-0.620328128,-0.340174556,-0.154708922
67e0b10099ad27cd0662a9dc,#96C58C,-0.395260394,-0.136236429,-0.026721613
67e0b10099ad27cd0662a9dc,#443B14,-0.15794313,-0.102911904,0.078448571
67e0b10099ad27cd0662a9dc,#512D5F,0.58716011,0.048870504,0.007240934
67e0b10099ad27cd0662a9dc,#600B84,0.510857701,-0.244955152,0.090510592
67e0b10099ad27cd0662a9dc,#632B14,0.384174258,0.416313112,0.289490968
67e0b10099ad27cd0662a9dc,#746BCA,-0.628980935,-0.328497648,-0.170589238
67e0b10099ad27cd0662a9dc,#3518AD,-0.269488961,-0.493059009,-0.060059965
67e0b10099ad27cd0662a9dc,#8558F4,0.420435727,-0.354522377,0.16627261
67e0b10099ad27cd0662a9dc,#55824D,-0.312614471,-0.138083622,-0.143188834
67e0b10099ad27cd0662a9dc,#72005E,0.38838926,-0.340807974,0.088392258
67e0b10099ad27cd0662a9dc,#83764C,-0.103554919,0.411068112,0.472555935
67e0b10099ad27cd0662a9dc,#90689F,0.659857392,-0.1261511,-0.20025526
67e0b10099ad27cd0662a9dc,#184415,-0.712145567,-0.222573265,0.015859472
67e0b10099ad27cd0662a9dc,#608218,-0.291955262,-0.015039816,-0.03012597
67e0b10099ad27cd0662a9dc,#777777,1.077483058,-0.398813754,-0.008178294
67e0b10099ad27cd0662a9dc,#897618,-0.202029243,0.337830126,0.229376569
67e0b10099ad27cd0662a9dc,#A0BAE6,-0.825950265,-0.254919618,-0.059246324
67e0b10099ad27cd0662a9dc,#A3C55B,-0.612755001,0.139396846,0.010875697
67e0b10099ad27cd0662a9dc,#A553C8,0.671102047,-0.075426921,-0.125452891
67e0b10099ad27cd0662a9dc,#A06776,0.615227997,0.173706591,-0.019074293
67e0b10099ad27cd0662a9dc,#A8664B,0.310898453,0.106742755,0.372774661
67e0b10099ad27cd0662a9dc,#AAC510,-0.762815833,0.126330569,0.014868487
67e0b10099ad27cd0662a9dc,#AC6619,0.259155124,0.015207467,0.144205153
67e0b10099ad27cd0662a9dc,#B9B9B9,-1.34764123,0.199047193,0.378482193
67e0b10099ad27cd0662a9dc,#B62EF2,0.517327249,0.000574825,-0.176126301
67e0b10099ad27cd0662a9dc,#B8509E,0.586758435,0.037028749,-0.178561762
67e0b10099ad27cd0662a9dc,#C7B88B,-0.355216414,0.462241143,0.431043297
67e0b10099ad27cd0662a9dc,#C34F74,0.829897106,0.133827522,-0.122721478
67e0b10099ad27cd0662a9dc,#C94E4B,0.468887538,0.288350761,-0.014606038
67e0b10099ad27cd0662a9dc,#CC4F1B,-0.042377871,0.608604312,0.23247087
67e0b10099ad27cd0662a9dc,#CD26C7,0.604454696,-0.07365264,-0.058384962
67e0b10099ad27cd0662a9dc,#D0B85A,-0.281098098,0.363108516,0.190788612
67e0b10099ad27cd0662a9dc,#D5A9E4,0.693038285,0.075696945,-0.152973369
67e0b10099ad27cd0662a9dc,#D5B811,-0.360568166,0.200702235,0.097938836
67e0b10099ad27cd0662a9dc,#DB1F9D,0.224999979,-0.054059062,-0.283912778
67e0b10099ad27cd0662a9dc,#E6A8B7,0.593915045,0.290948272,-0.011770949
67e0b10099ad27cd0662a9dc,#E31B73,0.50768137,0.120568991,-0.138714507
67e0b10099ad27cd0662a9dc,#E81A4B,0.430033982,0.069998831,-0.148329645
67e0b10099ad27cd0662a9dc,#EA1D1D,0.369879007,0.068172365,-0.146545857
67e0b10099ad27cd0662a9dc,#F1A78A,0.510936677,0.231722534,0.17456685
67e0b10099ad27cd0662a9dc,#F7A75A,-0.053633776,0.36875546,-0.052644238
67e0b10099ad27cd0662a9dc,#FBA714,-0.024759918,0.352868259,-0.018870829
67e0b10099ad27cd0662a9dc,#FFFFFF,-0.190049648,1.296979904,-0.583951354
67d9bd3f02d2a5af4bcf06e7,#000000,0.257272959,-0.256704688,0.070853554
67d9bd3f02d2a5af4bcf06e7,#0E8A19,-0.47420752,-0.068354823,-0.038110886
67d9bd3f02d2a5af4bcf06e7,#1C3D61,-0.22467646,-0.128719866,-0.154445559
67d9bd3f02d2a5af4bcf06e7,#2E3086,0.10508702,0.402385384,0.020423906
67d9bd3f02d2a5af4bcf06e7,#2F6EF6,0.186570123,0.077972107,-0.284989685
67d9bd3f02d2a5af4bcf06e7,#3B3B3B,-0.02031878,-0.060320612,-0.042056955
67d9bd3f02d2a5af4bcf06e7,#3B8378,-0.012450931,0.193940505,-0.122009471
67d9bd3f02d2a5af4bcf06e7,#4BCF8E,-0.299389124,0.19641228,-0.061239555
67d9bd3f02d2a5af4bcf06e7,#4DC7E8,-0.047387045,0.435553253,-0.034551624
67d9bd3f02d2a5af4bcf06e7,#5E2B3A,0.194581002,0.126631156,-0.100780442
67d9bd3f02d2a5af4bcf06e7,#5E78A1,0.094543755,0.158579558,-0.014866849
67d9bd3f02d2a5af4bcf06e7,#7EC6BA,-0.147770777,0.164172888,0.095737882
67d9bd3f02d2a5af4bcf06e7,#67CF5C,-0.190735817,-0.075019032,-0.071166292
67d9bd3f02d2a5af4bcf06e7,#73CF10,-0.425726324,-0.037723456,-0.123733014
67d9bd3f02d2a5af4bcf06e7,#077ACC,0.200727537,0.321552545,-0.005356686
67d9bd3f02d2a5af4bcf06e7,#96C58C,-0.216164097,0.027012898,0.042522483
67d9bd3f02d2a5af4bcf06e7,#443B14,-0.253120512,0.089141317,-0.040226553
67d9bd3f02d2a5af4bcf06e7,#512D5F,0.109449081,0.103047132,0.037367344
67d9bd3f02d2a5af4bcf06e7,#600B84,0.270595044,-0.210069984,-0.132579759
67d9bd3f02d2a5af4bcf06e7,#632B14,-0.149869218,-0.06196738,0.308050305
67d9bd3f02d2a5af4bcf06e7,#746BCA,0.089690141,0.223797396,-0.050655589
67d9bd3f02d2a5af4bcf06e7,#3518AD,-0.16685231,0.251544833,-0.081581086
67d9bd3f02d2a5af4bcf06e7,#8558F4,0.16443567,0.110963441,-0.020924944
67d9bd3f02d2a5af4bcf06e7,#55824D,-0.282779396,0.084963627,0.104048558
67d9bd3f02d2a5af4bcf06e7,#72005E,0.224071875,-0.107841395,-0.113682896
67d9bd3f02d2a5af4bcf06e7,#83764C,-0.190561384,0.024027735,0.01779402
67d9bd3f02d2a5af4bcf06e7,#90689F,0.029680438,-0.301001698,0.122271247
67d9bd3f02d2a5af4bcf06e7,#184415,-0.373155564,0.120014459,-0.003043168
67d9bd3f02d2a5af4bcf06e7,#608218,-0.250387758,0.013192069,-0.084658124
67d9bd3f02d2a5af4bcf06e7,#777777,-0.02019584,0.079235792,0.008197352
67d9bd3f02d2a5af4bcf06e7,#897618,-0.163386598,-0.066917546,0.184773192
67d9bd3f02d2a5af4bcf06e7,#A0BAE6,0.069236048,-0.026421895,-0.10205327
67d9bd3f02d2a5af4bcf06e7,#A3C55B,-0.29389739,-0.056177147,-0.059876181
67d9bd3f02d2a5af4bcf06e7,#A553C8,-0.026796246,-0.23970677,0.032337084
67d9bd3f02d2a5af4bcf06e7,#A06776,0.041841593,-0.158817321,0.008226
67d9bd3f02d2a5af4bcf06e7,#A8664B,-0.04184217,0.061247904,0.061928079
67d9bd3f02d2a5af4bcf06e7,#AAC510,-0.029890588,0.089300096,-0.112943828
67d9bd3f02d2a5af4bcf06e7,#AC6619,-0.173271596,-0.223720983,0.020485461
67d9bd3f02d2a5af4bcf06e7,#B9B9B9,-0.119946942,-0.225971773,0.141866356
67d9bd3f02d2a5af4bcf06e7,#B62EF2,0.05021365,-0.234927163,0.064100035
67d9bd3f02d2a5af4bcf06e7,#B8509E,0.190487638,-0.034051742,-0.116396271
67d9bd3f02d2a5af4bcf06e7,#C7B88B,-0.00279788,0.115048498,0.043206714
67d9bd3f02d2a5af4bcf06e7,#C34F74,0.306901366,-0.04937876,0.085015438
67d9bd3f02d2a5af4bcf06e7,#C94E4B,0.376219213,0.017727168,0.108213842
67d9bd3f02d2a5af4bcf06e7,#CC4F1B,0.101031736,0.142779037,0.378088385
67d9bd3f02d2a5af4bcf06e7,#CD26C7,0.275428474,-0.092328623,-0.178585842
67d9bd3f02d2a5af4bcf06e7,#D0B85A,-0.278720886,-0.072975338,-0.018382141
67d9bd3f02d2a5af4bcf06e7,#D5A9E4,0.205787688,0.003344761,-0.039589543
67d9bd3f02d2a5af4bcf06e7,#D5B811,-0.270524651,-0.168282032,-0.100970291
67d9bd3f02d2a5af4bcf06e7,#DB1F9D,0.360382557,-0.175037265,-0.067241229
67d9bd3f02d2a5af4bcf06e7,#E6A8B7,0.063381426,-0.283224374,-0.00254262
67d9bd3f02d2a5af4bcf06e7,#E31B73,0.361209661,0.111322299,-0.017106581
67d9bd3f02d2a5af4bcf06e7,#E81A4B,0.407215983,-0.074940734,-0.054431815
67d9bd3f02d2a5af4bcf06e7,#EA1D1D,0.349589229,0.161856383,0.165863171
67d9bd3f02d2a5af4bcf06e7,#F1A78A,0.013913743,0.043718863,0.138195261
67d9bd3f02d2a5af4bcf06e7,#F7A75A,0.028522378,0.097346321,0.193906143
67d9bd3f02d2a5af4bcf06e7,#FBA714,-0.066341333,-0.278972477,0.01354037
67d9bd3f02d2a5af4bcf06e7,#FFFFFF,0.085098401,-0.278257191,-0.016233558
67f553647527293da10c0bf4,#000000,-0.380393714,0.097879499,-0.283225507
67f553647527293da10c0bf4,#0E8A19,0.358157724,0.042726889,0.085070759
67f553647527293da10c0bf4,#1C3D61,0.090586498,0.301137835,-0.163821921
67f553647527293da10c0bf4,#2E3086,-0.055465534,-0.16970031,0.102080919
67f553647527293da10c0bf4,#2F6EF6,0.093560062,0.10056325,0.046784427
67f553647527293da10c0bf4,#3B3B3B,0.209308848,0.31079787,-0.063844368
67f553647527293da10c0bf4,#3B8378,0.078965113,0.232829496,0.054836266
67f553647527293da10c0bf4,#4BCF8E,0.258482575,0.198786065,0.026913242
67f553647527293da10c0bf4,#4DC7E8,0.062897399,0.086441867,0.168579653
67f553647527293da10c0bf4,#5E2B3A,-0.328229427,0.075662516,0.018369986
67f553647527293da10c0bf4,#5E78A1,0.029929172,-0.070277959,-1.24E-05
67f553647527293da10c0bf4,#7EC6BA,0.146833166,0.142893448,0.069576159
67f553647527293da10c0bf4,#67CF5C,0.024662778,0.03775306,0.214814559
67f553647527293da10c0bf4,#73CF10,0.316486031,-0.162165642,0.048500452
67f553647527293da10c0bf4,#077ACC,-0.017928686,0.219203666,-0.077908613
67f553647527293da10c0bf4,#96C58C,0.319990784,0.076087348,-0.01408866
67f553647527293da10c0bf4,#443B14,0.230977297,-0.131195277,-0.006605128
67f553647527293da10c0bf4,#512D5F,-0.19503583,0.164043039,0.127407491
67f553647527293da10c0bf4,#600B84,-0.356773943,0.045738995,-0.149569109
67f553647527293da10c0bf4,#632B14,-0.180550769,-0.394502372,-0.00771838
67f553647527293da10c0bf4,#746BCA,0.156104922,-0.058250204,-0.064586252
67f553647527293da10c0bf4,#3518AD,-0.056457859,0.266359627,-0.246088713
67f553647527293da10c0bf4,#8558F4,-0.125690371,-0.010988787,-0.063064769
67f553647527293da10c0bf4,#55824D,-0.084396124,0.380895585,0.069390357
67f553647527293da10c0bf4,#72005E,-0.240041152,0.07467752,0.074977428
67f553647527293da10c0bf4,#83764C,0.060508996,-0.000704605,-0.230919555
67f553647527293da10c0bf4,#90689F,-0.090169847,-0.190515041,0.167042568
67f553647527293da10c0bf4,#184415,0.302457333,0.030239679,0.074265987
67f553647527293da10c0bf4,#608218,0.163502887,0.116845816,0.134963781
67f553647527293da10c0bf4,#777777,-0.051805247,-0.246509805,0.03785846
67f553647527293da10c0bf4,#897618,0.241850927,-0.02804793,-0.026221883
67f553647527293da10c0bf4,#A0BAE6,-0.028063368,-0.050032038,-0.09126275
67f553647527293da10c0bf4,#A3C55B,0.280685127,0.196934313,0.08080969
67f553647527293da10c0bf4,#A553C8,-0.129757807,-0.056759745,-0.01041336
67f553647527293da10c0bf4,#A06776,-0.060687356,-0.039515082,0.222356945
67f553647527293da10c0bf4,#A8664B,-0.032268073,-0.21654585,-0.109037176
67f553647527293da10c0bf4,#AAC510,0.241287529,-0.278373182,0.035202723
67f553647527293da10c0bf4,#AC6619,0.037324164,-0.218581676,-0.043767009
67f553647527293da10c0bf4,#B9B9B9,0.014735061,-0.241597712,-0.180724829
67f553647527293da10c0bf4,#B62EF2,-0.306127548,-0.099818669,-0.006791207
67f553647527293da10c0bf4,#B8509E,-0.129571185,-0.015444053,0.068869993
67f553647527293da10c0bf4,#C7B88B,0.028690834,0.179322302,-0.215038091
67f553647527293da10c0bf4,#C34F74,-0.179065272,0.004910491,0.10464593
67f553647527293da10c0bf4,#C94E4B,-0.355881333,-0.05456638,0.082458586
67f553647527293da10c0bf4,#CC4F1B,0.112596348,-0.266100258,-0.088018484
67f553647527293da10c0bf4,#CD26C7,-0.260453969,0.086460911,0.086642101
67f553647527293da10c0bf4,#D0B85A,0.201362595,-0.047138713,-0.120543472
67f553647527293da10c0bf4,#D5A9E4,-0.230721653,0.010305362,0.03001249
67f553647527293da10c0bf4,#D5B811,0.409223109,0.034811098,0.01978243
67f553647527293da10c0bf4,#DB1F9D,-0.317692757,0.109969959,0.084494717
67f553647527293da10c0bf4,#E6A8B7,-0.020152491,-0.230128855,0.035276316
67f553647527293da10c0bf4,#E31B73,-0.142495751,0.000589804,-0.062958695
67f553647527293da10c0bf4,#E81A4B,-0.138546422,-0.157712445,0.208428815
67f553647527293da10c0bf4,#EA1D1D,-0.256947875,0.289111257,0.049215671
67f553647527293da10c0bf4,#F1A78A,-0.221321002,-0.111367308,-0.053764574
67f553647527293da10c0bf4,#F7A75A,0.188344806,-0.271518469,-0.036055431
67f553647527293da10c0bf4,#FBA714,0.098815374,-0.255548209,-0.180487692
67f553647527293da10c0bf4,#FFFFFF,0.214364871,0.159627676,-0.033090778
67e0ad9e6cba8cb183640e67,#000000,-0.018527985,0.016247671,-0.010880896
67e0ad9e6cba8cb183640e67,#0E8A19,0.083425567,0.01155957,0.000928626
67e0ad9e6cba8cb183640e67,#1C3D61,-0.234476894,0.01098238,-0.005227566
67e0ad9e6cba8cb183640e67,#2E3086,-0.086182244,-0.020232128,0.002359063
67e0ad9e6cba8cb183640e67,#2F6EF6,0.190058097,-0.000112074,-0.00608675
67e0ad9e6cba8cb183640e67,#3B3B3B,-0.152179822,0.21109134,-0.002042494
67e0ad9e6cba8cb183640e67,#3B8378,-0.168612421,-0.085483231,0.025391666
67e0ad9e6cba8cb183640e67,#4BCF8E,0.115290217,0.0786727,0.005098501
67e0ad9e6cba8cb183640e67,#4DC7E8,0.219734833,0.017393544,0.001854135
67e0ad9e6cba8cb183640e67,#5E2B3A,-0.231887937,0.062033653,0.002323484
67e0ad9e6cba8cb183640e67,#5E78A1,-0.163158491,-0.013623716,-0.002307012
67e0ad9e6cba8cb183640e67,#7EC6BA,0.093986616,-0.060755957,0.002607868
67e0ad9e6cba8cb183640e67,#67CF5C,0.170205966,-0.031456094,0.001901972
67e0ad9e6cba8cb183640e67,#73CF10,0.215550601,0.018679243,0.005198415
67e0ad9e6cba8cb183640e67,#077ACC,-0.009925856,-0.041922197,-4.07E-05
67e0ad9e6cba8cb183640e67,#96C58C,0.062872425,0.022018772,-0.001171022
67e0ad9e6cba8cb183640e67,#443B14,-0.168225273,0.016260633,-0.00235869
67e0ad9e6cba8cb183640e67,#512D5F,-0.165006682,-0.026120456,-0.00157725
67e0ad9e6cba8cb183640e67,#600B84,-0.131153643,0.037158158,0.000465177
67e0ad9e6cba8cb183640e67,#632B14,-0.179631218,0.034098841,-0.002517281
67e0ad9e6cba8cb183640e67,#746BCA,-0.302585959,-0.047528155,0.001375629
67e0ad9e6cba8cb183640e67,#3518AD,0.055960782,0.015460611,0.001106426
67e0ad9e6cba8cb183640e67,#8558F4,0.058319677,-0.108908974,-0.002990772
67e0ad9e6cba8cb183640e67,#55824D,-0.245148554,-0.006068694,0.000444888
67e0ad9e6cba8cb183640e67,#72005E,0.038696915,-0.020814512,-0.005947747
67e0ad9e6cba8cb183640e67,#83764C,-0.305897146,-0.020185916,-0.01493293
67e0ad9e6cba8cb183640e67,#90689F,-0.173984364,-0.024355896,0.001546713
67e0ad9e6cba8cb183640e67,#184415,-0.24190414,0.066404857,0.015371405
67e0ad9e6cba8cb183640e67,#608218,-0.009671574,0.049876213,0.001957693
67e0ad9e6cba8cb183640e67,#777777,-0.359262407,-0.0018684,-0.001071521
67e0ad9e6cba8cb183640e67,#897618,-0.19158718,0.04357098,0.000426408
67e0ad9e6cba8cb183640e67,#A0BAE6,0.103669681,0.022461601,-0.00042329
67e0ad9e6cba8cb183640e67,#A3C55B,0.140167058,-0.041690476,-0.002321234
67e0ad9e6cba8cb183640e67,#A553C8,0.004318654,-0.024686525,0.008462925
67e0ad9e6cba8cb183640e67,#A06776,-0.348052382,-0.053214356,-0.001274864
67e0ad9e6cba8cb183640e67,#A8664B,-0.249574661,-0.029595373,0.002486628
67e0ad9e6cba8cb183640e67,#AAC510,0.184606627,0.060451973,0.000753011
67e0ad9e6cba8cb183640e67,#AC6619,-0.061792556,-0.067189559,0.024814179
67e0ad9e6cba8cb183640e67,#B9B9B9,-0.100825012,0.051285882,-0.013995821
67e0ad9e6cba8cb183640e67,#B62EF2,0.252363235,-0.04059216,0.00173624
67e0ad9e6cba8cb183640e67,#B8509E,-0.051537003,-0.011682485,0.005017677
67e0ad9e6cba8cb183640e67,#C7B88B,0.043717157,0.01156531,-0.002481062
67e0ad9e6cba8cb183640e67,#C34F74,-0.039980605,-0.054167364,0.001311138
67e0ad9e6cba8cb183640e67,#C94E4B,0.014732155,-0.022346241,0.001126773
67e0ad9e6cba8cb183640e67,#CC4F1B,0.242647156,0.034098633,0.004052401
67e0ad9e6cba8cb183640e67,#CD26C7,0.235648349,0.049793866,0.005642126
67e0ad9e6cba8cb183640e67,#D0B85A,0.049320452,-0.027136097,-0.001999001
67e0ad9e6cba8cb183640e67,#D5A9E4,0.095107958,-0.008352869,-0.004262262
67e0ad9e6cba8cb183640e67,#D5B811,0.211313739,0.037934419,0.000190602
67e0ad9e6cba8cb183640e67,#DB1F9D,0.261798978,-0.098305635,-0.002700843
67e0ad9e6cba8cb183640e67,#E6A8B7,0.141653776,0.08175797,-0.004663843
67e0ad9e6cba8cb183640e67,#E31B73,0.138410673,0.006778743,0.002427195
67e0ad9e6cba8cb183640e67,#E81A4B,0.275257975,0.018146493,6.38E-05
67e0ad9e6cba8cb183640e67,#EA1D1D,0.282608926,0.002882599,0.005492216
67e0ad9e6cba8cb183640e67,#F1A78A,0.124720857,-0.050420888,0.000672152
67e0ad9e6cba8cb183640e67,#F7A75A,0.061258659,0.044625219,-0.002215973
67e0ad9e6cba8cb183640e67,#FBA714,0.197891325,-0.009204317,-0.003190028
67e0ad9e6cba8cb183640e67,#FFFFFF,0.025455935,-0.085271157,-0.035926238
67e0c79e0498d54b3d0b961f,#000000,0.416612476,-0.144751683,0.082635224
67e0c79e0498d54b3d0b961f,#0E8A19,0.03309441,0.008443865,0.386695564
67e0c79e0498d54b3d0b961f,#1C3D61,0.226956919,-0.167262375,-0.002606509
67e0c79e0498d54b3d0b961f,#2E3086,0.125550076,-0.186602756,0.035249587
67e0c79e0498d54b3d0b961f,#2F6EF6,-0.156483322,-0.110674717,-0.064037703
67e0c79e0498d54b3d0b961f,#3B3B3B,0.495971829,-0.028104711,-0.109769791
67e0c79e0498d54b3d0b961f,#3B8378,0.259016603,-0.130133614,0.023588292
67e0c79e0498d54b3d0b961f,#4BCF8E,-0.058423646,0.138364986,-0.02657387
67e0c79e0498d54b3d0b961f,#4DC7E8,-0.049436279,-0.071920626,-0.213155776
67e0c79e0498d54b3d0b961f,#5E2B3A,-0.274342895,-0.270219952,-0.009437053
67e0c79e0498d54b3d0b961f,#5E78A1,0.164808318,-0.058443245,-0.090297595
67e0c79e0498d54b3d0b961f,#7EC6BA,0.150230199,-0.002391323,0.014642085
67e0c79e0498d54b3d0b961f,#67CF5C,-0.182221293,0.19140327,0.028440785
67e0c79e0498d54b3d0b961f,#73CF10,-0.211393207,0.255881071,0.033369958
67e0c79e0498d54b3d0b961f,#077ACC,0.050653383,-0.015836725,-0.136638954
67e0c79e0498d54b3d0b961f,#96C58C,-0.010474426,0.247468933,0.138141885
67e0c79e0498d54b3d0b961f,#443B14,0.451369554,0.107811429,0.02338497
67e0c79e0498d54b3d0b961f,#512D5F,0.051841039,-0.22321637,-0.013119189
67e0c79e0498d54b3d0b961f,#600B84,0.014059816,-0.202539369,0.303891331
67e0c79e0498d54b3d0b961f,#632B14,0.293842286,0.394435942,-0.060147896
67e0c79e0498d54b3d0b961f,#746BCA,0.169946194,-0.223124385,0.052201066
67e0c79e0498d54b3d0b961f,#3518AD,0.091111474,-0.049294934,-0.096897274
67e0c79e0498d54b3d0b961f,#8558F4,-0.102712438,-0.123922415,-0.035675172
67e0c79e0498d54b3d0b961f,#55824D,0.042025909,-0.00808076,0.228125736
67e0c79e0498d54b3d0b961f,#72005E,-0.179063529,-0.30610469,-0.069074437
67e0c79e0498d54b3d0b961f,#83764C,0.424200177,0.106619492,-0.073087774
67e0c79e0498d54b3d0b961f,#90689F,-0.036725231,-0.292442322,-0.012886401
67e0c79e0498d54b3d0b961f,#184415,-0.175040841,0.208176702,0.1853275
67e0c79e0498d54b3d0b961f,#608218,0.272777677,-0.243211418,0.053724375
67e0c79e0498d54b3d0b961f,#777777,0.427913964,-0.138920859,0.010694622
67e0c79e0498d54b3d0b961f,#897618,0.19001326,0.234977558,-0.002274973
67e0c79e0498d54b3d0b961f,#A0BAE6,0.196415395,-0.03852535,-0.068063177
67e0c79e0498d54b3d0b961f,#A3C55B,-0.10722553,0.167628661,0.028691258
67e0c79e0498d54b3d0b961f,#A553C8,-0.011278644,-0.21378386,0.063779674
67e0c79e0498d54b3d0b961f,#A06776,0.041600261,-0.238779619,-0.071979508
67e0c79e0498d54b3d0b961f,#A8664B,0.143687531,0.20708257,0.130785316
67e0c79e0498d54b3d0b961f,#AAC510,-0.037762932,0.313544393,-0.031736661
67e0c79e0498d54b3d0b961f,#AC6619,0.137733817,0.378439993,-0.251607209
67e0c79e0498d54b3d0b961f,#B9B9B9,0.276925236,0.126268834,-0.116408348
67e0c79e0498d54b3d0b961f,#B62EF2,-0.020157732,-0.236100644,0.040826276
67e0c79e0498d54b3d0b961f,#B8509E,-0.265476406,-0.24578099,-0.038542286
67e0c79e0498d54b3d0b961f,#C7B88B,0.065716565,0.192731917,0.046405569
67e0c79e0498d54b3d0b961f,#C34F74,-0.106611259,-0.145184949,-0.050135516
67e0c79e0498d54b3d0b961f,#C94E4B,-0.338508308,-0.052650385,-0.007048264
67e0c79e0498d54b3d0b961f,#CC4F1B,-0.308916003,0.079447433,-0.004356766
67e0c79e0498d54b3d0b961f,#CD26C7,-0.276716799,-0.108995728,-0.023714591
67e0c79e0498d54b3d0b961f,#D0B85A,0.175192818,0.201514095,0.067947797
67e0c79e0498d54b3d0b961f,#D5A9E4,-0.18638137,-0.101708382,-0.024204876
67e0c79e0498d54b3d0b961f,#D5B811,-0.182406709,0.257655114,-0.016197303
67e0c79e0498d54b3d0b961f,#DB1F9D,-0.17401965,-0.218841419,-0.074416734
67e0c79e0498d54b3d0b961f,#E6A8B7,-0.00323947,-0.223103866,-0.073202483
67e0c79e0498d54b3d0b961f,#E31B73,-0.388512641,0.006827813,-0.057096817
67e0c79e0498d54b3d0b961f,#E81A4B,-0.539308727,0.135743096,-0.058935478
67e0c79e0498d54b3d0b961f,#EA1D1D,-0.551742494,0.004629595,-0.047705028
67e0c79e0498d54b3d0b961f,#F1A78A,-0.141292408,0.217142746,-0.086883359
67e0c79e0498d54b3d0b961f,#F7A75A,-0.227383599,0.237685829,0.0935992
67e0c79e0498d54b3d0b961f,#FBA714,-0.273237348,0.174437523,0.098919436
67e0c79e0498d54b3d0b961f,#FFFFFF,0.18722786,0.226292029,-0.053153012
67ff01a22772a99ee2145fb5,#000000,0.301753163,-0.126583293,0.013374707
67ff01a22772a99ee2145fb5,#0E8A19,0.001383952,0.044923067,-0.00792693
67ff01a22772a99ee2145fb5,#1C3D61,-0.047461215,0.0157644,0.024595689
67ff01a22772a99ee2145fb5,#2E3086,-0.007090313,-0.000628455,0.017909534
67ff01a22772a99ee2145fb5,#2F6EF6,-0.027778942,0.046196371,0.016687017
67ff01a22772a99ee2145fb5,#3B3B3B,0.311792672,-0.008171352,0.029717918
67ff01a22772a99ee2145fb5,#3B8378,0.010246763,0.172644049,-0.009665208
67ff01a22772a99ee2145fb5,#4BCF8E,0.005438227,0.02305099,-0.015304073
67ff01a22772a99ee2145fb5,#4DC7E8,-0.043058097,-0.092864349,0.036537651
67ff01a22772a99ee2145fb5,#5E2B3A,-0.036668438,-0.10821455,-0.028661892
67ff01a22772a99ee2145fb5,#5E78A1,0.042190988,-0.062483955,0.08725521
67ff01a22772a99ee2145fb5,#7EC6BA,-0.001015889,0.106695034,0.027758902
67ff01a22772a99ee2145fb5,#67CF5C,0.006770236,0.129148364,0.007515699
67ff01a22772a99ee2145fb5,#73CF10,0.001175499,0.164992705,0.009552826
67ff01a22772a99ee2145fb5,#077ACC,0.032256931,-0.035897117,0.15112856
67ff01a22772a99ee2145fb5,#96C58C,0.035651788,0.182280257,-0.067409419
67ff01a22772a99ee2145fb5,#443B14,0.128617063,0.067254789,-0.010978538
67ff01a22772a99ee2145fb5,#512D5F,-0.10458,-0.064426281,0.043154627
67ff01a22772a99ee2145fb5,#600B84,-0.143414572,-0.020565752,0.010853624
67ff01a22772a99ee2145fb5,#632B14,0.197434932,-0.318079948,-0.096962504
67ff01a22772a99ee2145fb5,#746BCA,-0.026104879,-0.022985715,0.007082035
67ff01a22772a99ee2145fb5,#3518AD,-0.020335494,0.071043193,0.079036944
67ff01a22772a99ee2145fb5,#8558F4,-0.011223601,-0.087307371,0.005259475
67ff01a22772a99ee2145fb5,#55824D,0.066033974,0.185327396,-0.074582733
67ff01a22772a99ee2145fb5,#72005E,-0.107327759,-0.060026839,0.003704113
67ff01a22772a99ee2145fb5,#83764C,0.223227262,-0.022136629,0.007330931
67ff01a22772a99ee2145fb5,#90689F,-0.026799761,0.043157127,-0.029501522
67ff01a22772a99ee2145fb5,#184415,-0.14248316,0.029220343,-0.016722465
67ff01a22772a99ee2145fb5,#608218,0.120069414,0.073486283,0.028434368
67ff01a22772a99ee2145fb5,#777777,0.246673211,-0.003477431,-0.003716371
67ff01a22772a99ee2145fb5,#897618,0.126026586,0.015178458,-0.040951617
67ff01a22772a99ee2145fb5,#A0BAE6,-0.048425019,-0.148926586,0.010749161
67ff01a22772a99ee2145fb5,#A3C55B,-0.051302142,0.252339035,0.012505451
67ff01a22772a99ee2145fb5,#A553C8,0.110468835,-0.012797764,0.065205395
67ff01a22772a99ee2145fb5,#A06776,-0.157962024,-0.05810073,-0.014884737
67ff01a22772a99ee2145fb5,#A8664B,0.133427471,0.102226265,-0.019910842
67ff01a22772a99ee2145fb5,#AAC510,0.071431413,0.052851133,-0.005973592
67ff01a22772a99ee2145fb5,#AC6619,0.011339538,-0.045554552,0.012758885
67ff01a22772a99ee2145fb5,#B9B9B9,0.23993583,-0.023936871,0.000764689
67ff01a22772a99ee2145fb5,#B62EF2,-0.062932998,0.002048589,0.00260002
67ff01a22772a99ee2145fb5,#B8509E,-0.046021175,0.031584132,-0.023998294
67ff01a22772a99ee2145fb5,#C7B88B,0.153483197,-0.059418168,-0.013188356
67ff01a22772a99ee2145fb5,#C34F74,-0.093123466,-0.024248291,-0.00529188
67ff01a22772a99ee2145fb5,#C94E4B,-0.16400741,-0.099129058,0.004442157
67ff01a22772a99ee2145fb5,#CC4F1B,-0.024225429,0.093315929,-0.025928313
67ff01a22772a99ee2145fb5,#CD26C7,-0.186449692,-0.079006016,-0.020996267
67ff01a22772a99ee2145fb5,#D0B85A,0.053576604,-0.020646691,-0.011238092
67ff01a22772a99ee2145fb5,#D5A9E4,-0.110924885,-0.058809459,0.005296812
67ff01a22772a99ee2145fb5,#D5B811,-0.128877804,0.047652308,-0.026442399
67ff01a22772a99ee2145fb5,#DB1F9D,-0.164288968,-0.016454857,-0.007699948
67ff01a22772a99ee2145fb5,#E6A8B7,-0.100764707,-0.048276242,-0.006515437
67ff01a22772a99ee2145fb5,#E31B73,-0.176294684,-0.046884596,-0.021981757
67ff01a22772a99ee2145fb5,#E81A4B,-0.208112672,-0.029420838,-0.011114861
67ff01a22772a99ee2145fb5,#EA1D1D,-0.209827274,-0.051321417,-0.012103242
67ff01a22772a99ee2145fb5,#F1A78A,-0.179691702,-0.071882121,-0.007312662
67ff01a22772a99ee2145fb5,#F7A75A,0.04350245,0.131547347,-0.028259804
67ff01a22772a99ee2145fb5,#FBA714,0.02934525,0.037937328,-0.012071733
67ff01a22772a99ee2145fb5,#FFFFFF,0.155321047,-0.193201602,-0.043916959
67f56251b82a19d436fa021f,#000000,-0.026495015,0.089524798,-0.826080203
67f56251b82a19d436fa021f,#0E8A19,-0.556112826,-0.467952251,0.055213846
67f56251b82a19d436fa021f,#1C3D61,-0.013414444,-0.360077292,-0.22778219
67f56251b82a19d436fa021f,#2E3086,0.284414291,-0.151549503,-0.040417351
67f56251b82a19d436fa021f,#2F6EF6,0.112498015,-0.421319932,-0.152860686
67f56251b82a19d436fa021f,#3B3B3B,0.004879535,0.230676949,0.095535323
67f56251b82a19d436fa021f,#3B8378,-0.289966494,-0.156877279,-0.124114551
67f56251b82a19d436fa021f,#4BCF8E,0.066197574,-0.253735453,-0.136019409
67f56251b82a19d436fa021f,#4DC7E8,0.156954587,-0.332557589,-0.194586158
67f56251b82a19d436fa021f,#5E2B3A,0.1918488,0.282108665,-0.125035629
67f56251b82a19d436fa021f,#5E78A1,0.302671671,-0.145679921,-0.094053976
67f56251b82a19d436fa021f,#7EC6BA,0.025340708,-0.176253527,-0.193858594
67f56251b82a19d436fa021f,#67CF5C,-0.604537845,-0.076001376,0.120369889
67f56251b82a19d436fa021f,#73CF10,-0.579378366,-0.247064725,0.07516636
67f56251b82a19d436fa021f,#077ACC,0.279875547,-0.632619679,0.017222071
67f56251b82a19d436fa021f,#96C58C,-0.222841576,-0.447811544,-0.006280147
67f56251b82a19d436fa021f,#443B14,-0.442709953,0.060082141,0.186490402
67f56251b82a19d436fa021f,#512D5F,0.195566729,-0.213348046,0.093122445
67f56251b82a19d436fa021f,#600B84,0.312739998,0.04959894,0.420564741
67f56251b82a19d436fa021f,#632B14,-0.036795184,0.265498012,0.107143626
67f56251b82a19d436fa021f,#746BCA,0.266062647,-0.264647126,0.10281118
67f56251b82a19d436fa021f,#3518AD,0.248742834,-0.448072582,-0.077736482
67f56251b82a19d436fa021f,#8558F4,0.22607708,-0.103440918,-0.02108629
67f56251b82a19d436fa021f,#55824D,-0.482516438,-0.49399668,0.062271655
67f56251b82a19d436fa021f,#72005E,0.071203403,0.132639632,0.139177158
67f56251b82a19d436fa021f,#83764C,-0.37688005,0.119766407,0.110998593
67f56251b82a19d436fa021f,#90689F,0.365133882,0.031188034,0.071083292
67f56251b82a19d436fa021f,#184415,-0.543207228,-0.410996646,0.01494495
67f56251b82a19d436fa021f,#608218,-0.528408825,0.011215277,0.09545619
67f56251b82a19d436fa021f,#777777,0.097904444,0.176580116,-0.072480202
67f56251b82a19d436fa021f,#897618,-0.470020264,0.27198422,0.164989829
67f56251b82a19d436fa021f,#A0BAE6,0.410398126,-0.37098223,0.008768534
67f56251b82a19d436fa021f,#A3C55B,-0.516076326,0.047024257,0.110867716
67f56251b82a19d436fa021f,#A553C8,0.341731608,-0.304533273,0.191753641
67f56251b82a19d436fa021f,#A06776,0.246884346,0.180296361,0.029832778
67f56251b82a19d436fa021f,#A8664B,-0.07857658,0.295583725,0.071726888
67f56251b82a19d436fa021f,#AAC510,-0.704178691,-0.07706102,0.170819685
67f56251b82a19d436fa021f,#AC6619,-0.229466423,0.356728941,0.069996059
67f56251b82a19d436fa021f,#B9B9B9,0.069593623,-0.222584426,-0.300697237
67f56251b82a19d436fa021f,#B62EF2,0.611154616,-0.023573333,0.218471363
67f56251b82a19d436fa021f,#B8509E,0.311451703,0.264739126,0.148403138
67f56251b82a19d436fa021f,#C7B88B,-0.367210597,0.163462549,-0.294136435
67f56251b82a19d436fa021f,#C34F74,0.406930834,0.165230975,-0.216791496
67f56251b82a19d436fa021f,#C94E4B,0.011546225,0.48270303,0.086203612
67f56251b82a19d436fa021f,#CC4F1B,-0.203954607,0.546303451,-0.190009132
67f56251b82a19d436fa021f,#CD26C7,0.590366364,0.024016988,0.243879378
67f56251b82a19d436fa021f,#D0B85A,-0.388526529,0.146112293,0.07252337
67f56251b82a19d436fa021f,#D5A9E4,0.237401575,-0.103935227,-0.103640884
67f56251b82a19d436fa021f,#D5B811,-0.552993655,0.180617288,0.165057108
67f56251b82a19d436fa021f,#DB1F9D,0.656298816,-0.122294247,0.217841029
67f56251b82a19d436fa021f,#E6A8B7,0.064413719,0.040365778,0.048286378
67f56251b82a19d436fa021f,#E31B73,0.463917881,-0.131364822,0.202557221
67f56251b82a19d436fa021f,#E81A4B,0.403233111,0.679573536,-0.032621592
67f56251b82a19d436fa021f,#EA1D1D,0.322628558,0.495709181,0.099434748
67f56251b82a19d436fa021f,#F1A78A,0.019883126,0.22034578,0.047403269
67f56251b82a19d436fa021f,#F7A75A,-0.120010495,0.397850007,-0.049308717
67f56251b82a19d436fa021f,#FBA714,-0.2337621,0.508821964,-0.193748176
67f56251b82a19d436fa021f,#FFFFFF,0.192095131,0.243982404,-0.463041931
67cf9e90d5ca44a01f4d69c5,#000000,0.00380709,0.005097277,-0.004931748
67cf9e90d5ca44a01f4d69c5,#0E8A19,0.0393962,-0.00148952,-0.003704942
67cf9e90d5ca44a01f4d69c5,#1C3D61,0.053870432,-0.003600165,0.001134544
67cf9e90d5ca44a01f4d69c5,#2E3086,0.051439106,-0.006777734,0.001219586
67cf9e90d5ca44a01f4d69c5,#2F6EF6,-0.039834704,0.001719512,0.003321978
67cf9e90d5ca44a01f4d69c5,#3B3B3B,-0.09396445,-0.008431925,0.006247175
67cf9e90d5ca44a01f4d69c5,#3B8378,-0.004595193,-0.00668775,-0.001575171
67cf9e90d5ca44a01f4d69c5,#4BCF8E,0.027579246,0.002008914,0.000189214
67cf9e90d5ca44a01f4d69c5,#4DC7E8,0.066518322,0.004392925,0.004310048
67cf9e90d5ca44a01f4d69c5,#5E2B3A,-0.011613124,-0.012162284,-0.004885085
67cf9e90d5ca44a01f4d69c5,#5E78A1,0.048763689,0.000385318,0.001943756
67cf9e90d5ca44a01f4d69c5,#7EC6BA,-0.012772023,8.17E-05,0.001099362
67cf9e90d5ca44a01f4d69c5,#67CF5C,0.003577718,0.003293318,0.001517968
67cf9e90d5ca44a01f4d69c5,#73CF10,0.011835475,0.032401931,-0.000812552
67cf9e90d5ca44a01f4d69c5,#077ACC,-0.013626379,-0.006260214,0.00596132
67cf9e90d5ca44a01f4d69c5,#96C58C,-0.029500889,0.001883155,-6.72E-05
67cf9e90d5ca44a01f4d69c5,#443B14,-0.063418724,-0.006801217,0.003660682
67cf9e90d5ca44a01f4d69c5,#512D5F,0.044825528,0.001141316,-0.001843166
67cf9e90d5ca44a01f4d69c5,#600B84,0.043010864,-0.000282065,-0.00137582
67cf9e90d5ca44a01f4d69c5,#632B14,-0.115926251,-0.011291562,-0.000514012
67cf9e90d5ca44a01f4d69c5,#746BCA,0.048764966,-0.000396558,0.001455623
67cf9e90d5ca44a01f4d69c5,#3518AD,0.051727824,0.007144718,-0.002723863
67cf9e90d5ca44a01f4d69c5,#8558F4,0.043069266,-0.001664857,0.001809833
67cf9e90d5ca44a01f4d69c5,#55824D,-0.014114873,-0.001262172,0.000473936
67cf9e90d5ca44a01f4d69c5,#72005E,0.03917753,-0.012830055,-0.003204792
67cf9e90d5ca44a01f4d69c5,#83764C,-0.043317929,0.030349223,0.002137872
67cf9e90d5ca44a01f4d69c5,#90689F,0.103656754,0.001161669,0.001658832
67cf9e90d5ca44a01f4d69c5,#184415,-0.026065573,0.003653095,-0.003869159
67cf9e90d5ca44a01f4d69c5,#608218,0.017147658,-0.000289918,0.011813796
67cf9e90d5ca44a01f4d69c5,#777777,-0.00708073,0.025473144,-0.002502979
67cf9e90d5ca44a01f4d69c5,#897618,0.0344905,0.001104186,-0.003543737
67cf9e90d5ca44a01f4d69c5,#A0BAE6,0.090553261,-0.003081616,0.001410074
67cf9e90d5ca44a01f4d69c5,#A3C55B,-0.051257238,0.006604169,0.001008037
67cf9e90d5ca44a01f4d69c5,#A553C8,0.023004727,-0.013356917,-0.005609857
67cf9e90d5ca44a01f4d69c5,#A06776,-0.015282704,-0.008588304,-0.001788465
67cf9e90d5ca44a01f4d69c5,#A8664B,-0.050586991,-0.020144692,0.022798855
67cf9e90d5ca44a01f4d69c5,#AAC510,-0.025621142,0.01075655,-0.002676119
67cf9e90d5ca44a01f4d69c5,#AC6619,-0.086075008,-0.007653909,-0.000141317
67cf9e90d5ca44a01f4d69c5,#B9B9B9,-0.024727728,-0.002643314,-0.005010726
67cf9e90d5ca44a01f4d69c5,#B62EF2,0.076098062,-0.00588216,0.002818228
67cf9e90d5ca44a01f4d69c5,#B8509E,0.02606613,-0.023021355,0.006786915
67cf9e90d5ca44a01f4d69c5,#C7B88B,0.007755975,0.020019867,0.005205298
67cf9e90d5ca44a01f4d69c5,#C34F74,-0.067899764,-0.020676263,-0.025637992
67cf9e90d5ca44a01f4d69c5,#C94E4B,0.014778151,-0.018006815,4.97E-05
67cf9e90d5ca44a01f4d69c5,#CC4F1B,-0.079652824,-0.009159134,0.006162704
67cf9e90d5ca44a01f4d69c5,#CD26C7,0.040368307,0.004343628,-0.001558463
67cf9e90d5ca44a01f4d69c5,#D0B85A,0.009413506,0.009762889,0.004927291
67cf9e90d5ca44a01f4d69c5,#D5A9E4,0.07929568,0.003075674,-0.000544193
67cf9e90d5ca44a01f4d69c5,#D5B811,-0.011072082,0.017007984,-0.003859904
67cf9e90d5ca44a01f4d69c5,#DB1F9D,0.031024879,-0.034846913,-0.008467961
67cf9e90d5ca44a01f4d69c5,#E6A8B7,-0.068996757,-0.004464346,-0.003496566
67cf9e90d5ca44a01f4d69c5,#E31B73,-0.003644066,-0.009828389,-0.003920168
67cf9e90d5ca44a01f4d69c5,#E81A4B,-0.002732997,-0.000635924,3.44E-05
67cf9e90d5ca44a01f4d69c5,#EA1D1D,-0.036135763,-0.008420989,0.005405412
67cf9e90d5ca44a01f4d69c5,#F1A78A,-0.028637862,0.041230515,-0.004319845
67cf9e90d5ca44a01f4d69c5,#F7A75A,-0.068193205,0.020192906,-1.84E-05
67cf9e90d5ca44a01f4d69c5,#FBA714,-0.030302351,0.005860534,0.002444023
67cf9e90d5ca44a01f4d69c5,#FFFFFF,-0.004367538,0.010492935,-0.006402154
67d9bdd402a993c72017e2a5,#000000,-0.045640793,0.245684102,-0.398150802
67d9bdd402a993c72017e2a5,#0E8A19,0.222465694,0.104307517,-0.484961957
67d9bdd402a993c72017e2a5,#1C3D61,-0.238768458,-0.811265826,-0.004152952
67d9bdd402a993c72017e2a5,#2E3086,-0.166457385,-0.38659364,0.180720061
67d9bdd402a993c72017e2a5,#2F6EF6,-0.188487142,-0.278415501,0.507215321
67d9bdd402a993c72017e2a5,#3B3B3B,-0.165503651,-0.399379104,0.055389497
67d9bdd402a993c72017e2a5,#3B8378,0.196321338,-0.098049156,0.193999887
67d9bdd402a993c72017e2a5,#4BCF8E,-0.139496535,-0.44232896,-0.071159951
67d9bdd402a993c72017e2a5,#4DC7E8,-0.018590245,-0.24271971,0.541639864
67d9bdd402a993c72017e2a5,#5E2B3A,-0.164325982,-0.047161192,0.093441188
67d9bdd402a993c72017e2a5,#5E78A1,-0.20584631,-0.098680191,-0.27700752
67d9bdd402a993c72017e2a5,#7EC6BA,0.077515818,-0.137434602,0.020188818
67d9bdd402a993c72017e2a5,#67CF5C,0.295073986,-0.239381418,-0.212285757
67d9bdd402a993c72017e2a5,#73CF10,0.585192442,-0.047987051,-0.091575824
67d9bdd402a993c72017e2a5,#077ACC,0.020937823,-0.654767156,-0.01848104
67d9bdd402a993c72017e2a5,#96C58C,0.277707994,-0.21200943,-0.034208398
67d9bdd402a993c72017e2a5,#443B14,0.370467722,-0.052896157,-0.310337484
67d9bdd402a993c72017e2a5,#512D5F,-0.474006176,0.020705771,-0.26001519
67d9bdd402a993c72017e2a5,#600B84,-0.271865368,-0.321875453,0.08385025
67d9bdd402a993c72017e2a5,#632B14,0.330409497,0.515659988,0.023055194
67d9bdd402a993c72017e2a5,#746BCA,-0.141196042,-0.142342255,-0.068113185
67d9bdd402a993c72017e2a5,#3518AD,-0.174606442,-0.444888204,-0.057765469
67d9bdd402a993c72017e2a5,#8558F4,-0.360777438,0.286171496,-0.174762785
67d9bdd402a993c72017e2a5,#55824D,0.362258434,-0.193106249,-0.075061835
67d9bdd402a993c72017e2a5,#72005E,-0.6041556,0.341745824,-0.017435595
67d9bdd402a993c72017e2a5,#83764C,0.50148052,0.32803604,0.043315563
67d9bdd402a993c72017e2a5,#90689F,-0.326002032,0.044024669,0.004460406
67d9bdd402a993c72017e2a5,#184415,0.457723975,-0.360595316,0.172136962
67d9bdd402a993c72017e2a5,#608218,0.372894168,0.053241596,-0.280159742
67d9bdd402a993c72017e2a5,#777777,-0.096922748,0.010847634,0.056167595
67d9bdd402a993c72017e2a5,#897618,0.450784653,0.22577782,0.207894474
67d9bdd402a993c72017e2a5,#A0BAE6,-0.320610821,-0.276752859,-0.069718614
67d9bdd402a993c72017e2a5,#A3C55B,0.29092446,-0.109145023,-0.025561405
67d9bdd402a993c72017e2a5,#A553C8,-0.305658758,0.116255254,-0.159842893
67d9bdd402a993c72017e2a5,#A06776,-0.055835277,-0.034514502,-0.002531561
67d9bdd402a993c72017e2a5,#A8664B,0.158728302,-0.164511532,-0.00547747
67d9bdd402a993c72017e2a5,#AAC510,0.343243361,0.027691377,-0.184037134
67d9bdd402a993c72017e2a5,#AC6619,0.239858896,0.282003731,-0.056847923
67d9bdd402a993c72017e2a5,#B9B9B9,0.009334428,-0.176149964,-0.009189485
67d9bdd402a993c72017e2a5,#B62EF2,-0.374252021,0.10817565,0.117604241
67d9bdd402a993c72017e2a5,#B8509E,-0.443231821,0.354658425,-0.045846835
67d9bdd402a993c72017e2a5,#C7B88B,0.280737966,0.28993991,0.136078283
67d9bdd402a993c72017e2a5,#C34F74,-0.225612462,0.178399175,-0.068767197
67d9bdd402a993c72017e2a5,#C94E4B,0.406746,0.248217985,-0.074910507
67d9bdd402a993c72017e2a5,#CC4F1B,0.378169626,0.344085515,-4.72E-05
67d9bdd402a993c72017e2a5,#CD26C7,-0.33163479,0.283384174,-0.018940745
67d9bdd402a993c72017e2a5,#D0B85A,0.445302993,0.172985658,0.259699136
67d9bdd402a993c72017e2a5,#D5A9E4,-0.386801779,0.339506954,-0.087419584
67d9bdd402a993c72017e2a5,#D5B811,0.30033797,0.017435595,0.208377615
67d9bdd402a993c72017e2a5,#DB1F9D,-0.601970971,0.344804972,0.054672223
67d9bdd402a993c72017e2a5,#E6A8B7,-0.261920422,0.06916184,0.068833828
67d9bdd402a993c72017e2a5,#E31B73,-0.551606596,0.573232234,0.064253174
67d9bdd402a993c72017e2a5,#E81A4B,-0.149376631,0.094601937,0.647582054
67d9bdd402a993c72017e2a5,#EA1D1D,0.199876815,0.560034633,0.381384045
67d9bdd402a993c72017e2a5,#F1A78A,0.106709585,0.043999098,0.085864916
67d9bdd402a993c72017e2a5,#F7A75A,-0.09633299,-0.198967561,-0.411767542
67d9bdd402a993c72017e2a5,#FBA714,0.560924768,0.06905546,-0.079894021
67d9bdd402a993c72017e2a5,#FFFFFF,-0.354635805,-0.121912986,-0.071388982
67cf8557adcd238dc51d1396,#000000,0.27301833,0.285183847,-0.067682661
67cf8557adcd238dc51d1396,#0E8A19,0.302049339,-0.292871356,-0.059162062
67cf8557adcd238dc51d1396,#1C3D61,-0.472541392,-0.187854826,0.005527988
67cf8557adcd238dc51d1396,#2E3086,-0.209104538,0.010414315,-0.04506265
67cf8557adcd238dc51d1396,#2F6EF6,-0.040803727,-0.083790794,0.066071361
67cf8557adcd238dc51d1396,#3B3B3B,-0.652240872,-0.096976943,-0.068863705
67cf8557adcd238dc51d1396,#3B8378,-0.173185498,-0.260174632,0.187233269
67cf8557adcd238dc51d1396,#4BCF8E,0.469049722,-0.232663676,0.056161813
67cf8557adcd238dc51d1396,#4DC7E8,-0.038946152,0.031390935,-0.054983243
67cf8557adcd238dc51d1396,#5E2B3A,-0.544925272,0.005601263,-0.063468032
67cf8557adcd238dc51d1396,#5E78A1,-0.404811919,0.007374397,0.045563083
67cf8557adcd238dc51d1396,#7EC6BA,0.229991958,-0.101219706,0.314134568
67cf8557adcd238dc51d1396,#67CF5C,0.182699874,-0.0702269,0.239915356
67cf8557adcd238dc51d1396,#73CF10,0.487746328,-0.295961589,0.184471875
67cf8557adcd238dc51d1396,#077ACC,-0.057035901,-0.136282235,-0.003928878
67cf8557adcd238dc51d1396,#96C58C,0.420246899,-0.242055252,0.136415392
67cf8557adcd238dc51d1396,#443B14,-0.170236647,-0.321030289,-0.033314258
67cf8557adcd238dc51d1396,#512D5F,-0.005643609,0.31086129,-0.068614483
67cf8557adcd238dc51d1396,#600B84,0.120385088,0.187003255,0.014095184
67cf8557adcd238dc51d1396,#632B14,-0.056365244,0.21447435,-0.178316399
67cf8557adcd238dc51d1396,#746BCA,-0.24263449,0.029938448,-0.017572347
67cf8557adcd238dc51d1396,#3518AD,-0.013749681,-0.177288666,-0.03678878
67cf8557adcd238dc51d1396,#8558F4,-0.279304475,0.078254618,0.04889968
67cf8557adcd238dc51d1396,#55824D,0.563055813,-0.15919964,0.197847903
67cf8557adcd238dc51d1396,#72005E,-0.021204839,0.083081082,-0.143961892
67cf8557adcd238dc51d1396,#83764C,-0.684448838,-0.441441566,-0.010687195
67cf8557adcd238dc51d1396,#90689F,-0.260222375,0.120836109,0.149388239
67cf8557adcd238dc51d1396,#184415,0.192000762,-0.173487261,0.241792202
67cf8557adcd238dc51d1396,#608218,0.07459686,-0.204589561,-0.1463622
67cf8557adcd238dc51d1396,#777777,-0.620959461,-0.229950115,0.021972865
67cf8557adcd238dc51d1396,#897618,-0.172339857,-0.192522675,-0.034794282
67cf8557adcd238dc51d1396,#A0BAE6,-0.220120326,-0.143752083,-0.003618654
67cf8557adcd238dc51d1396,#A3C55B,0.237122342,-0.000101223,0.128438696
67cf8557adcd238dc51d1396,#A553C8,-0.140803263,0.008138801,0.065562926
67cf8557adcd238dc51d1396,#A06776,-0.136610076,0.378043503,0.062690563
67cf8557adcd238dc51d1396,#A8664B,-0.564931631,0.125636041,0.003565772
67cf8557adcd238dc51d1396,#AAC510,0.280168831,-0.073903739,0.180574432
67cf8557adcd238dc51d1396,#AC6619,-0.020603716,-0.042275269,-0.182378039
67cf8557adcd238dc51d1396,#B9B9B9,-0.052509703,0.474670261,0.312452227
67cf8557adcd238dc51d1396,#B62EF2,0.06679526,0.237258583,0.009712744
67cf8557adcd238dc51d1396,#B8509E,-0.093119524,0.165133789,0.070712008
67cf8557adcd238dc51d1396,#C7B88B,-0.439346611,-0.281106532,0.014219343
67cf8557adcd238dc51d1396,#C34F74,-0.357460201,0.267879009,0.057768755
67cf8557adcd238dc51d1396,#C94E4B,-0.159812763,0.304009199,-0.143314838
67cf8557adcd238dc51d1396,#CC4F1B,0.290136576,0.046776328,-0.113090537
67cf8557adcd238dc51d1396,#CD26C7,0.102755457,0.228673309,-0.079242602
67cf8557adcd238dc51d1396,#D0B85A,-0.060847189,-0.030377004,-0.210847884
67cf8557adcd238dc51d1396,#D5A9E4,0.057734769,0.337379694,0.005913239
67cf8557adcd238dc51d1396,#D5B811,0.520622253,0.070602119,-0.098740079
67cf8557adcd238dc51d1396,#DB1F9D,0.077265494,0.302828401,-0.041154165
67cf8557adcd238dc51d1396,#E6A8B7,0.168783516,0.126658097,-0.149084717
67cf8557adcd238dc51d1396,#E31B73,0.208657324,0.259199411,-0.047750134
67cf8557adcd238dc51d1396,#E81A4B,0.286429167,0.320583671,-0.013353981
67cf8557adcd238dc51d1396,#EA1D1D,0.323697299,-0.242800117,-0.206875786
67cf8557adcd238dc51d1396,#F1A78A,0.28430602,0.071946107,0.22716324
67cf8557adcd238dc51d1396,#F7A75A,0.286618501,0.085044175,-0.198276609
67cf8557adcd238dc51d1396,#FBA714,0.228834033,-0.139688298,-0.163712412
67cf8557adcd238dc51d1396,#FFFFFF,0.632101715,-0.321283102,-0.363261372
67fedb5c6a40d36c95047c21,#000000,1.270475626,-0.190460294,0.56888777
67fedb5c6a40d36c95047c21,#0E8A19,-0.213082805,0.394439161,-0.042070974
67fedb5c6a40d36c95047c21,#1C3D61,-0.745673776,0.023459382,0.025075924
67fedb5c6a40d36c95047c21,#2E3086,-0.475112379,-0.003053053,-0.106460556
67fedb5c6a40d36c95047c21,#2F6EF6,-0.421090901,-0.062740393,0.248798341
67fedb5c6a40d36c95047c21,#3B3B3B,-0.606327534,-1.372694731,0.105428278
67fedb5c6a40d36c95047c21,#3B8378,-0.159702063,0.394558787,0.072124407
67fedb5c6a40d36c95047c21,#4BCF8E,0.138215303,0.643740654,0.188901216
67fedb5c6a40d36c95047c21,#4DC7E8,-0.364966452,0.092500821,-0.009277252
67fedb5c6a40d36c95047c21,#5E2B3A,0.298690289,-0.22766979,0.030617345
67fedb5c6a40d36c95047c21,#5E78A1,-0.492438763,-0.248377159,-0.064267926
67fedb5c6a40d36c95047c21,#7EC6BA,-0.367267102,0.492724031,-0.018598067
67fedb5c6a40d36c95047c21,#67CF5C,0.016612269,0.661384106,-0.034713369
67fedb5c6a40d36c95047c21,#73CF10,-0.090774842,0.112149701,0.038954251
67fedb5c6a40d36c95047c21,#077ACC,-0.475488156,-0.098187186,0.036150653
67fedb5c6a40d36c95047c21,#96C58C,-0.171126857,-0.261767179,-0.436391205
67fedb5c6a40d36c95047c21,#443B14,0.626339674,-0.160189703,-0.203200206
67fedb5c6a40d36c95047c21,#512D5F,-0.334562808,-0.286508352,-0.515745759
67fedb5c6a40d36c95047c21,#600B84,-0.020313695,-0.240509048,-0.409606248
67fedb5c6a40d36c95047c21,#632B14,0.314207405,-0.330114633,0.245780081
67fedb5c6a40d36c95047c21,#746BCA,-0.101135723,0.0758074,0.34133938
67fedb5c6a40d36c95047c21,#3518AD,-0.51368618,0.20699136,0.035585497
67fedb5c6a40d36c95047c21,#8558F4,0.002431119,0.159753039,-0.122639567
67fedb5c6a40d36c95047c21,#55824D,0.063958466,0.276555777,-0.355917692
67fedb5c6a40d36c95047c21,#72005E,0.107785255,-0.170697823,-0.41842255
67fedb5c6a40d36c95047c21,#83764C,0.374167144,0.482086152,-0.332782865
67fedb5c6a40d36c95047c21,#90689F,0.516920805,-0.173323646,-0.159840018
67fedb5c6a40d36c95047c21,#184415,0.316350967,0.096649162,-0.600745678
67fedb5c6a40d36c95047c21,#608218,0.007541209,0.358710557,0.219233572
67fedb5c6a40d36c95047c21,#777777,-0.278042734,-0.423112422,0.061945949
67fedb5c6a40d36c95047c21,#897618,0.152546912,0.480726123,-0.216094479
67fedb5c6a40d36c95047c21,#A0BAE6,-0.600252986,-0.155696556,-0.109237775
67fedb5c6a40d36c95047c21,#A3C55B,0.111245438,0.590829611,-0.086776972
67fedb5c6a40d36c95047c21,#A553C8,0.074641645,-0.237300038,-0.194200963
67fedb5c6a40d36c95047c21,#A06776,0.137231842,0.061675914,0.610362768
67fedb5c6a40d36c95047c21,#A8664B,0.129243538,-0.339636117,-0.41339606
67fedb5c6a40d36c95047c21,#AAC510,0.002542437,0.327147782,0.084393859
67fedb5c6a40d36c95047c21,#AC6619,-0.134634092,0.353983402,-0.38130036
67fedb5c6a40d36c95047c21,#B9B9B9,0.119567372,0.090544097,0.705965877
67fedb5c6a40d36c95047c21,#B62EF2,0.302587211,-0.149749681,0.062931322
67fedb5c6a40d36c95047c21,#B8509E,0.514599323,-0.367641449,-0.379352003
67fedb5c6a40d36c95047c21,#C7B88B,-0.177851781,0.013365588,0.091878258
67fedb5c6a40d36c95047c21,#C34F74,0.168475732,-0.225183323,0.133651882
67fedb5c6a40d36c95047c21,#C94E4B,0.337000281,-0.774154484,-0.282662183
67fedb5c6a40d36c95047c21,#CC4F1B,0.383814991,-0.222828463,0.267736048
67fedb5c6a40d36c95047c21,#CD26C7,-0.061850324,-0.278254956,0.134074524
67fedb5c6a40d36c95047c21,#D0B85A,-0.096889339,0.305885494,0.0780662
67fedb5c6a40d36c95047c21,#D5A9E4,-0.005536693,0.174369439,0.302985102
67fedb5c6a40d36c95047c21,#D5B811,0.044753753,-0.021410676,-0.101610929
67fedb5c6a40d36c95047c21,#DB1F9D,0.118972756,0.130205512,0.395700276
67fedb5c6a40d36c95047c21,#E6A8B7,0.06640406,-0.273445755,0.526527584
67fedb5c6a40d36c95047c21,#E31B73,0.194298267,0.282258272,0.068305612
67fedb5c6a40d36c95047c21,#E81A4B,0.292260259,-0.337009817,0.124963731
67fedb5c6a40d36c95047c21,#EA1D1D,-0.095574282,-0.297977298,0.511426568
67fedb5c6a40d36c95047c21,#F1A78A,0.452447951,0.203016743,-0.820280731
67fedb5c6a40d36c95047c21,#F7A75A,-0.02722639,0.144037828,-0.086001463
67fedb5c6a40d36c95047c21,#FBA714,0.039065946,0.174856931,0.529614389
67fedb5c6a40d36c95047c21,#FFFFFF,-0.66478622,0.125281334,0.054186981
67cf83df698839a4a0d9f8c9,#000000,-0.115384519,-0.096749336,-0.22450009
67cf83df698839a4a0d9f8c9,#0E8A19,-0.023262005,-0.029718067,-0.038280185
67cf83df698839a4a0d9f8c9,#1C3D61,-0.028426066,-0.107354634,0.02981941
67cf83df698839a4a0d9f8c9,#2E3086,0.052625783,-0.109753653,-0.060228977
67cf83df698839a4a0d9f8c9,#2F6EF6,-0.009360319,-0.088210359,-0.177239254
67cf83df698839a4a0d9f8c9,#3B3B3B,0.13226831,0.139910951,-0.212888017
67cf83df698839a4a0d9f8c9,#3B8378,0.00075884,-0.13567917,-0.062130529
67cf83df698839a4a0d9f8c9,#4BCF8E,-0.054702364,-0.081751585,0.08399044
67cf83df698839a4a0d9f8c9,#4DC7E8,-0.112285689,-0.093382277,0.033900067
67cf83df698839a4a0d9f8c9,#5E2B3A,0.011934015,0.132397428,-0.049530968
67cf83df698839a4a0d9f8c9,#5E78A1,-0.10880468,0.031361923,-0.016546469
67cf83df698839a4a0d9f8c9,#7EC6BA,-0.034468446,-0.146495625,0.058497004
67cf83df698839a4a0d9f8c9,#67CF5C,-0.109297134,-0.085844152,0.035356283
67cf83df698839a4a0d9f8c9,#73CF10,-0.06116436,-0.123329774,0.101757824
67cf83df698839a4a0d9f8c9,#077ACC,0.065459467,-0.110812508,-0.046403076
67cf83df698839a4a0d9f8c9,#96C58C,-0.064558916,-0.098960534,-0.006987031
67cf83df698839a4a0d9f8c9,#443B14,-0.083507322,0.176944047,-0.044255599
67cf83df698839a4a0d9f8c9,#512D5F,0.158574015,0.096409015,-0.10336753
67cf83df698839a4a0d9f8c9,#600B84,0.193334609,-0.089066796,0.003617739
67cf83df698839a4a0d9f8c9,#632B14,0.09892109,0.100763977,-0.068712547
67cf83df698839a4a0d9f8c9,#746BCA,0.086837351,0.025228411,-0.027155831
67cf83df698839a4a0d9f8c9,#3518AD,0.058034956,-0.081164807,-0.004338352
67cf83df698839a4a0d9f8c9,#8558F4,0.00372705,-0.150047049,0.001828106
67cf83df698839a4a0d9f8c9,#55824D,0.032563902,-0.0676957,0.015937217
67cf83df698839a4a0d9f8c9,#72005E,0.134392843,0.090185501,-0.045298595
67cf83df698839a4a0d9f8c9,#83764C,-0.05929444,0.183868587,-0.046707507
67cf83df698839a4a0d9f8c9,#90689F,0.187167317,0.063282527,0.096135624
67cf83df698839a4a0d9f8c9,#184415,-0.131558806,-0.012449081,0.028049976
67cf83df698839a4a0d9f8c9,#608218,-0.015002258,0.074144021,0.096102521
67cf83df698839a4a0d9f8c9,#777777,-0.226824611,0.034753669,-0.122728653
67cf83df698839a4a0d9f8c9,#897618,-0.078701504,0.165000021,0.004883727
67cf83df698839a4a0d9f8c9,#A0BAE6,-0.083794855,-0.031469833,0.023903433
67cf83df698839a4a0d9f8c9,#A3C55B,-0.019167267,0.072859645,0.180136144
67cf83df698839a4a0d9f8c9,#A553C8,0.067848735,-0.081874028,-0.030179419
67cf83df698839a4a0d9f8c9,#A06776,0.040642094,0.170160115,-0.119321294
67cf83df698839a4a0d9f8c9,#A8664B,0.003143916,0.060141303,-0.042462155
67cf83df698839a4a0d9f8c9,#AAC510,-0.105434529,0.095942527,0.09271796
67cf83df698839a4a0d9f8c9,#AC6619,0.074526742,0.077693656,-0.000678604
67cf83df698839a4a0d9f8c9,#B9B9B9,-0.204614729,0.010986608,-0.002415463
67cf83df698839a4a0d9f8c9,#B62EF2,0.124731451,-0.060397808,-0.034821924
67cf83df698839a4a0d9f8c9,#B8509E,0.08793588,-0.033700999,-0.025715332
67cf83df698839a4a0d9f8c9,#C7B88B,-0.104951441,0.003577002,-0.00108242
67cf83df698839a4a0d9f8c9,#C34F74,0.145804748,0.088131323,0.065405622
67cf83df698839a4a0d9f8c9,#C94E4B,-0.068144917,0.146035448,0.001325594
67cf83df698839a4a0d9f8c9,#CC4F1B,0.042820182,-0.044659581,0.072813526
67cf83df698839a4a0d9f8c9,#CD26C7,0.183842719,0.00507954,0.004525828
67cf83df698839a4a0d9f8c9,#D0B85A,-0.071902521,-0.039016239,0.111342601
67cf83df698839a4a0d9f8c9,#D5A9E4,0.013966366,-0.069751039,-0.096183144
67cf83df698839a4a0d9f8c9,#D5B811,0.079980552,-0.056669366,0.091221198
67cf83df698839a4a0d9f8c9,#DB1F9D,0.16940406,-0.051928457,0.071061678
67cf83df698839a4a0d9f8c9,#E6A8B7,-0.018991444,-0.09709955,-0.024958842
67cf83df698839a4a0d9f8c9,#E31B73,0.085413665,-0.061335508,-0.029728152
67cf83df698839a4a0d9f8c9,#E81A4B,0.170070186,0.028836403,0.032679338
67cf83df698839a4a0d9f8c9,#EA1D1D,0.060375232,0.096127778,0.323584557
67cf83df698839a4a0d9f8c9,#F1A78A,-0.076153763,-0.038426209,0.017062098
67cf83df698839a4a0d9f8c9,#F7A75A,-0.122854404,-0.06937734,0.083923906
67cf83df698839a4a0d9f8c9,#FBA714,-0.228400305,-0.027474612,-0.042758651
67cf83df698839a4a0d9f8c9,#FFFFFF,-0.14609234,0.301824212,0.046025209
67f55abdd39d8dab460c4141,#000000,-1.130508065,-0.328003019,0.156058654
67f55abdd39d8dab460c4141,#0E8A19,0.323474675,-0.172362566,0.139336407
67f55abdd39d8dab460c4141,#1C3D61,0.173801497,0.222603053,0.017392516
67f55abdd39d8dab460c4141,#2E3086,-0.117846921,0.29516837,0.114922419
67f55abdd39d8dab460c4141,#2F6EF6,-0.077869102,0.211831138,0.156105578
67f55abdd39d8dab460c4141,#3B3B3B,-0.300424486,0.27782318,0.000601926
67f55abdd39d8dab460c4141,#3B8378,0.15977101,0.25507012,0.005644327
67f55abdd39d8dab460c4141,#4BCF8E,0.151696116,-0.039342217,0.169345751
67f55abdd39d8dab460c4141,#4DC7E8,0.098744877,0.203325421,0.008374003
67f55abdd39d8dab460c4141,#5E2B3A,-0.443304986,0.097669907,-0.010178552
67f55abdd39d8dab460c4141,#5E78A1,-0.220028505,0.019369692,0.022955826
67f55abdd39d8dab460c4141,#7EC6BA,-0.17440179,0.399851233,0.058630373
67f55abdd39d8dab460c4141,#67CF5C,0.352408886,-0.028456889,0.040150277
67f55abdd39d8dab460c4141,#73CF10,0.549117863,0.077072404,0.180363864
67f55abdd39d8dab460c4141,#077ACC,0.144540593,0.228730887,0.073703937
67f55abdd39d8dab460c4141,#96C58C,0.23865445,-0.22545962,0.27329278
67f55abdd39d8dab460c4141,#443B14,0.143904582,-0.04932832,0.046146989
67f55abdd39d8dab460c4141,#512D5F,-0.249702051,0.19735603,0.03928452
67f55abdd39d8dab460c4141,#600B84,-0.169012457,0.094946772,0.197557956
67f55abdd39d8dab460c4141,#632B14,-0.175238565,-0.36821115,-0.165743411
67f55abdd39d8dab460c4141,#746BCA,0.067541242,0.087678604,-0.023777114
67f55abdd39d8dab460c4141,#3518AD,-0.067641415,0.265185326,0.022339923
67f55abdd39d8dab460c4141,#8558F4,0.07462351,0.257745504,-0.023765154
67f55abdd39d8dab460c4141,#55824D,0.119815178,-0.117127441,0.219100222
67f55abdd39d8dab460c4141,#72005E,-0.443785012,-0.014561614,0.077302583
67f55abdd39d8dab460c4141,#83764C,0.206272677,0.039551511,-0.058578216
67f55abdd39d8dab460c4141,#90689F,-0.235138997,0.13267529,-0.056517869
67f55abdd39d8dab460c4141,#184415,0.420997173,0.027790409,0.200317323
67f55abdd39d8dab460c4141,#608218,0.250020385,-0.023485858,0.023777945
67f55abdd39d8dab460c4141,#777777,-0.189308748,0.23898913,-0.057331126
67f55abdd39d8dab460c4141,#897618,0.1642735,-0.091287337,0.064837694
67f55abdd39d8dab460c4141,#A0BAE6,0.254346639,0.320366591,-0.136401206
67f55abdd39d8dab460c4141,#A3C55B,0.368508101,-0.217018798,0.219022259
67f55abdd39d8dab460c4141,#A553C8,-0.098432578,0.099645741,0.006087495
67f55abdd39d8dab460c4141,#A06776,-0.254830539,-0.205582723,-0.020109018
67f55abdd39d8dab460c4141,#A8664B,-0.207856297,0.113296382,-0.098767899
67f55abdd39d8dab460c4141,#AAC510,0.39127928,-0.199136004,0.196228117
67f55abdd39d8dab460c4141,#AC6619,0.330075979,-0.021377541,-0.230177358
67f55abdd39d8dab460c4141,#B9B9B9,0.056570075,0.066209629,-0.035867509
67f55abdd39d8dab460c4141,#B62EF2,-0.17960903,0.054676704,0.287133336
67f55abdd39d8dab460c4141,#B8509E,-0.183229357,-0.098218881,0.007508256
67f55abdd39d8dab460c4141,#C7B88B,0.194672033,0.054913715,-0.171873882
67f55abdd39d8dab460c4141,#C34F74,-0.302635998,-0.245530918,-0.173454374
67f55abdd39d8dab460c4141,#C94E4B,-0.237002805,-0.061906658,-0.2886675
67f55abdd39d8dab460c4141,#CC4F1B,0.313017219,0.173441023,-0.268245488
67f55abdd39d8dab460c4141,#CD26C7,-0.060112759,-0.198103637,-0.02664566
67f55abdd39d8dab460c4141,#D0B85A,0.19957462,-0.367380589,0.132592916
67f55abdd39d8dab460c4141,#D5A9E4,-0.220595285,0.187534139,-0.151956588
67f55abdd39d8dab460c4141,#D5B811,0.179383576,-0.428422451,-0.24764581
67f55abdd39d8dab460c4141,#DB1F9D,-0.407700211,-0.192392305,0.019681575
67f55abdd39d8dab460c4141,#E6A8B7,-0.126877725,-0.21154736,0.000371826
67f55abdd39d8dab460c4141,#E31B73,-0.380705327,-0.295669049,0.040266644
67f55abdd39d8dab460c4141,#E81A4B,-0.496377081,-0.244975537,-0.106228508
67f55abdd39d8dab460c4141,#EA1D1D,0.169264644,0.019115705,-0.405667841
67f55abdd39d8dab460c4141,#F1A78A,0.158357278,-0.091663212,-0.360986203
67f55abdd39d8dab460c4141,#F7A75A,0.717402101,-0.270712733,-0.12618722
67f55abdd39d8dab460c4141,#FBA714,0.288401276,-0.322292835,0.021493278
67f55abdd39d8dab460c4141,#FFFFFF,-0.110334754,0.409923971,0.00684348
67e0aad41a934b30dd2e09a3,#000000,0.015781641,0.063812047,0.010577912
67e0aad41a934b30dd2e09a3,#0E8A19,0.116311729,0.019193329,0.004975712
67e0aad41a934b30dd2e09a3,#1C3D61,-0.047383498,-0.008052256,-0.010469479
67e0aad41a934b30dd2e09a3,#2E3086,-0.067527458,-0.024495279,-0.010882184
67e0aad41a934b30dd2e09a3,#2F6EF6,-0.026707022,-0.021053907,-0.005390681
67e0aad41a934b30dd2e09a3,#3B3B3B,-0.049042471,0.050627831,-0.012626258
67e0aad41a934b30dd2e09a3,#3B8378,0.007451842,0.002147388,0.000813684
67e0aad41a934b30dd2e09a3,#4BCF8E,0.024823263,-0.006760948,-0.004544229
67e0aad41a934b30dd2e09a3,#4DC7E8,-0.023978254,0.000321584,0.001593066
67e0aad41a934b30dd2e09a3,#5E2B3A,-0.029196769,0.00663711,0.014359096
67e0aad41a934b30dd2e09a3,#5E78A1,0.028070085,-0.032977302,0.022376915
67e0aad41a934b30dd2e09a3,#7EC6BA,-0.02941006,0.019673821,-0.006387639
67e0aad41a934b30dd2e09a3,#67CF5C,0.077870704,-0.013169542,-0.001057173
67e0aad41a934b30dd2e09a3,#73CF10,0.070044301,-0.004365012,-0.017400479
67e0aad41a934b30dd2e09a3,#077ACC,-0.060263187,0.056306724,-0.007269788
67e0aad41a934b30dd2e09a3,#96C58C,-0.006153238,0.00164891,0.006850178
67e0aad41a934b30dd2e09a3,#443B14,-0.020098437,-0.096946903,0.011519938
67e0aad41a934b30dd2e09a3,#512D5F,-0.012814909,0.02414239,0.048046127
67e0aad41a934b30dd2e09a3,#600B84,-0.039932579,-0.004181017,0.010168058
67e0aad41a934b30dd2e09a3,#632B14,0.052430037,0.020664688,0.013165229
67e0aad41a934b30dd2e09a3,#746BCA,-0.014377393,-0.008991466,-0.013553091
67e0aad41a934b30dd2e09a3,#3518AD,-0.052054234,0.030387225,-0.009153285
67e0aad41a934b30dd2e09a3,#8558F4,0.023354592,-0.016963582,0.006153401
67e0aad41a934b30dd2e09a3,#55824D,0.018994778,-0.005181719,0.0009217
67e0aad41a934b30dd2e09a3,#72005E,-0.032760449,-0.002740132,0.001360933
67e0aad41a934b30dd2e09a3,#83764C,-0.027191432,-0.057536133,-0.024350204
67e0aad41a934b30dd2e09a3,#90689F,0.035207696,-0.005801393,-0.013267274
67e0aad41a934b30dd2e09a3,#184415,0.101784274,-0.00775923,-0.018868862
67e0aad41a934b30dd2e09a3,#608218,0.080544256,0.009867322,-0.018264724
67e0aad41a934b30dd2e09a3,#777777,-0.026755679,0.019458538,0.008115305
67e0aad41a934b30dd2e09a3,#897618,0.045970116,-0.000474076,-0.011629106
67e0aad41a934b30dd2e09a3,#A0BAE6,-0.013861203,0.021641424,-0.014078206
67e0aad41a934b30dd2e09a3,#A3C55B,0.071131155,0.007536145,-0.017844716
67e0aad41a934b30dd2e09a3,#A553C8,-0.017075412,-0.01044451,-0.000904949
67e0aad41a934b30dd2e09a3,#A06776,0.024565795,-0.044930782,0.019853821
67e0aad41a934b30dd2e09a3,#A8664B,-0.032290347,-8.93E-05,0.000229021
67e0aad41a934b30dd2e09a3,#AAC510,-0.00140828,0.013484498,0.02207483
67e0aad41a934b30dd2e09a3,#AC6619,-0.054014221,-0.002054653,0.004078095
67e0aad41a934b30dd2e09a3,#B9B9B9,0.003791646,-0.013254678,0.007795634
67e0aad41a934b30dd2e09a3,#B62EF2,0.045467079,-0.008276545,-0.022662852
67e0aad41a934b30dd2e09a3,#B8509E,-0.046693653,0.007497186,0.00686018
67e0aad41a934b30dd2e09a3,#C7B88B,0.010611504,0.01063512,0.022826266
67e0aad41a934b30dd2e09a3,#C34F74,0.000430078,-0.031960741,0.008230687
67e0aad41a934b30dd2e09a3,#C94E4B,-0.02295862,0.006138294,-0.01043465
67e0aad41a934b30dd2e09a3,#CC4F1B,-0.029978272,-0.023011671,-0.018455179
67e0aad41a934b30dd2e09a3,#CD26C7,-0.029824303,-0.010886256,-0.014178366
67e0aad41a934b30dd2e09a3,#D0B85A,-0.012414672,-0.008178349,0.012607014
67e0aad41a934b30dd2e09a3,#D5A9E4,-0.028357694,0.020331668,-0.007025529
67e0aad41a934b30dd2e09a3,#D5B811,0.04906508,0.021373101,-0.004961826
67e0aad41a934b30dd2e09a3,#DB1F9D,-0.075899452,-0.00919897,-0.012802568
67e0aad41a934b30dd2e09a3,#E6A8B7,-0.013418228,-0.001942701,0.019893561
67e0aad41a934b30dd2e09a3,#E31B73,-0.026857955,0.033175595,-0.044516455
67e0aad41a934b30dd2e09a3,#E81A4B,0.012740905,0.005384742,0.010732877
67e0aad41a934b30dd2e09a3,#EA1D1D,0.036201824,0.030995194,0.034344673
67e0aad41a934b30dd2e09a3,#F1A78A,-0.016450362,-0.008617098,0.014813758
67e0aad41a934b30dd2e09a3,#F7A75A,-0.020057432,-0.006954594,0.015804311
67e0aad41a934b30dd2e09a3,#FBA714,0.023880361,-0.011948289,-0.008513648
67e0aad41a934b30dd2e09a3,#FFFFFF,0.030682435,0.0061172,0.000351412
67f556364ee1da94d64a7fc8,#000000,-1.82482636,-0.330806434,0.579393089
67f556364ee1da94d64a7fc8,#0E8A19,-0.595698893,0.259495676,-0.451653659
67f556364ee1da94d64a7fc8,#1C3D61,-0.662409484,-0.69932276,0.105073385
67f556364ee1da94d64a7fc8,#2E3086,-0.665068626,0.088922322,0.249717429
67f556364ee1da94d64a7fc8,#2F6EF6,-0.477529645,0.25038439,0.299865723
67f556364ee1da94d64a7fc8,#3B3B3B,-0.610180974,-0.895551503,-0.217809841
67f556364ee1da94d64a7fc8,#3B8378,-0.554427087,0.34409976,-0.463754207
67f556364ee1da94d64a7fc8,#4BCF8E,-0.101917878,0.667098165,-0.060782082
67f556364ee1da94d64a7fc8,#4DC7E8,-0.316308379,0.325587988,0.587753296
67f556364ee1da94d64a7fc8,#5E2B3A,0.491747528,-0.499632299,0.085161403
67f556364ee1da94d64a7fc8,#5E78A1,-0.398073405,0.278940767,0.355738133
67f556364ee1da94d64a7fc8,#7EC6BA,-0.125672549,0.424115777,-0.012583813
67f556364ee1da94d64a7fc8,#67CF5C,-0.408514559,0.402368277,-0.398585498
67f556364ee1da94d64a7fc8,#73CF10,-0.198847935,0.450701535,-0.252351314
67f556364ee1da94d64a7fc8,#077ACC,-0.49384734,0.176064759,0.587208211
67f556364ee1da94d64a7fc8,#96C58C,0.052069049,0.377213418,-0.145055488
67f556364ee1da94d64a7fc8,#443B14,-0.421878755,-0.268165976,-0.153873771
67f556364ee1da94d64a7fc8,#512D5F,-0.121735416,-0.646408319,0.209680274
67f556364ee1da94d64a7fc8,#600B84,-0.454942644,-0.9511621,0.178617731
67f556364ee1da94d64a7fc8,#632B14,-0.565493584,-0.773699939,-0.261481643
67f556364ee1da94d64a7fc8,#746BCA,-0.050568845,0.311566055,0.540100992
67f556364ee1da94d64a7fc8,#3518AD,-0.634596169,-0.171971947,0.514717758
67f556364ee1da94d64a7fc8,#8558F4,-0.297538191,0.357521594,0.229221866
67f556364ee1da94d64a7fc8,#55824D,-0.547774673,-0.189262271,-0.291098952
67f556364ee1da94d64a7fc8,#72005E,0.471613318,-0.754706621,0.344608665
67f556364ee1da94d64a7fc8,#83764C,-0.370525599,-0.121219315,-0.33613506
67f556364ee1da94d64a7fc8,#90689F,-0.010331379,-0.148415491,0.183910206
67f556364ee1da94d64a7fc8,#184415,-0.778615117,-0.380629808,-0.519808471
67f556364ee1da94d64a7fc8,#608218,-0.402760506,0.405395776,-0.200370163
67f556364ee1da94d64a7fc8,#777777,-0.729680955,-0.128381222,-0.462662876
67f556364ee1da94d64a7fc8,#897618,-0.067394741,-0.146486536,-0.454901725
67f556364ee1da94d64a7fc8,#A0BAE6,-0.258031696,0.442874521,0.357297838
67f556364ee1da94d64a7fc8,#A3C55B,-0.161213651,0.535717309,-0.424243361
67f556364ee1da94d64a7fc8,#A553C8,0.310158312,-0.102501877,0.282551199
67f556364ee1da94d64a7fc8,#A06776,0.643562138,-0.272105932,0.188515916
67f556364ee1da94d64a7fc8,#A8664B,0.314692616,-0.016981484,-0.34847489
67f556364ee1da94d64a7fc8,#AAC510,-0.156333879,0.391038805,-0.247698963
67f556364ee1da94d64a7fc8,#AC6619,0.429756314,-0.146166205,-0.340592176
67f556364ee1da94d64a7fc8,#B9B9B9,-0.168478236,0.447505653,0.242510036
67f556364ee1da94d64a7fc8,#B62EF2,0.569909215,-0.167731062,0.255347162
67f556364ee1da94d64a7fc8,#B8509E,0.521537542,-0.175193518,0.20134683
67f556364ee1da94d64a7fc8,#C7B88B,-0.09964522,-0.186359704,-0.333786756
67f556364ee1da94d64a7fc8,#C34F74,0.630407572,-0.255136192,0.098491617
67f556364ee1da94d64a7fc8,#C94E4B,0.80283618,-0.265969604,-0.044033036
67f556364ee1da94d64a7fc8,#CC4F1B,0.755971313,-0.249220863,-0.106885128
67f556364ee1da94d64a7fc8,#CD26C7,0.783901453,-0.224959701,0.266082853
67f556364ee1da94d64a7fc8,#D0B85A,0.162707612,0.204463199,-0.248713821
67f556364ee1da94d64a7fc8,#D5A9E4,0.343344182,0.160028636,0.350908875
67f556364ee1da94d64a7fc8,#D5B811,0.231498376,0.163750887,-0.479231328
67f556364ee1da94d64a7fc8,#DB1F9D,0.770172417,0.037427321,0.214147761
67f556364ee1da94d64a7fc8,#E6A8B7,0.692278147,0.052557766,0.043125439
67f556364ee1da94d64a7fc8,#E31B73,1.071576238,-0.071558647,0.11375083
67f556364ee1da94d64a7fc8,#E81A4B,0.990263045,-0.290668011,-0.092855796
67f556364ee1da94d64a7fc8,#EA1D1D,0.991958082,-0.091622539,-0.104286633
67f556364ee1da94d64a7fc8,#F1A78A,0.527088583,0.15686053,-0.066881351
67f556364ee1da94d64a7fc8,#F7A75A,0.171518594,0.452614933,-0.11045035
67f556364ee1da94d64a7fc8,#FBA714,0.831235766,0.166421846,-0.360022336
67f556364ee1da94d64a7fc8,#FFFFFF,0.169057965,1.291260481,0.326220065
67fefd9e3b8beb7e1b4d8ea2,#000000,-0.008466274,0.062884517,0.037728589
67fefd9e3b8beb7e1b4d8ea2,#0E8A19,0.018580088,0.053614024,-0.028063281
67fefd9e3b8beb7e1b4d8ea2,#1C3D61,0.004745662,0.018112279,-0.148400724
67fefd9e3b8beb7e1b4d8ea2,#2E3086,0.100456133,0.055543028,-0.01384863
67fefd9e3b8beb7e1b4d8ea2,#2F6EF6,-0.001051352,-0.012931019,-0.021177825
67fefd9e3b8beb7e1b4d8ea2,#3B3B3B,-0.047065444,0.000469256,-0.013586014
67fefd9e3b8beb7e1b4d8ea2,#3B8378,-0.069944888,0.019116092,-0.004288786
67fefd9e3b8beb7e1b4d8ea2,#4BCF8E,-0.042301208,0.057243213,0.007683592
67fefd9e3b8beb7e1b4d8ea2,#4DC7E8,-0.053609833,0.025648735,-0.013940535
67fefd9e3b8beb7e1b4d8ea2,#5E2B3A,-0.027920488,-0.078593805,0.03603784
67fefd9e3b8beb7e1b4d8ea2,#5E78A1,0.047652863,0.021296535,-0.05873315
67fefd9e3b8beb7e1b4d8ea2,#7EC6BA,-0.070906915,0.008894794,0.016943026
67fefd9e3b8beb7e1b4d8ea2,#67CF5C,-0.036156286,0.03345665,-0.03245325
67fefd9e3b8beb7e1b4d8ea2,#73CF10,-0.032167625,0.043893412,0.026435489
67fefd9e3b8beb7e1b4d8ea2,#077ACC,0.009931988,0.024216227,0.011883602
67fefd9e3b8beb7e1b4d8ea2,#96C58C,-0.044262893,0.039121743,-0.004106283
67fefd9e3b8beb7e1b4d8ea2,#443B14,-0.041418284,0.026361961,0.085491903
67fefd9e3b8beb7e1b4d8ea2,#512D5F,-0.178875357,-0.007578795,-0.037528135
67fefd9e3b8beb7e1b4d8ea2,#600B84,-0.12383303,-0.01557516,-0.007775967
67fefd9e3b8beb7e1b4d8ea2,#632B14,-0.037568208,0.023399029,-0.014330084
67fefd9e3b8beb7e1b4d8ea2,#746BCA,0.073284797,0.09008316,-0.066151865
67fefd9e3b8beb7e1b4d8ea2,#3518AD,-0.028066624,0.008220271,-0.021849789
67fefd9e3b8beb7e1b4d8ea2,#8558F4,-0.003197564,-0.036123086,-0.058005948
67fefd9e3b8beb7e1b4d8ea2,#55824D,-0.025661908,0.013578114,-0.008722693
67fefd9e3b8beb7e1b4d8ea2,#72005E,-0.001828806,-0.093193658,-0.058481056
67fefd9e3b8beb7e1b4d8ea2,#83764C,-0.022474352,-0.013790499,0.036496393
67fefd9e3b8beb7e1b4d8ea2,#90689F,-0.022090003,-0.084828384,0.014354666
67fefd9e3b8beb7e1b4d8ea2,#184415,-0.020140707,0.019199986,-0.092511177
67fefd9e3b8beb7e1b4d8ea2,#608218,0.011582244,0.09729407,0.000398803
67fefd9e3b8beb7e1b4d8ea2,#777777,-0.063255161,-0.016828213,0.010941694
67fefd9e3b8beb7e1b4d8ea2,#897618,-0.018370554,0.059895147,0.031071352
67fefd9e3b8beb7e1b4d8ea2,#A0BAE6,-0.000561307,-0.009340668,-0.0207051
67fefd9e3b8beb7e1b4d8ea2,#A3C55B,0.034222089,0.067216597,0.009894649
67fefd9e3b8beb7e1b4d8ea2,#A553C8,-0.017379034,-0.127767473,0.009821321
67fefd9e3b8beb7e1b4d8ea2,#A06776,0.039882973,-0.092410401,-0.016515307
67fefd9e3b8beb7e1b4d8ea2,#A8664B,-0.069842473,0.029401429,0.041462056
67fefd9e3b8beb7e1b4d8ea2,#AAC510,0.036373436,0.057378884,0.030411836
67fefd9e3b8beb7e1b4d8ea2,#AC6619,0.026962832,0.035934284,-0.004735604
67fefd9e3b8beb7e1b4d8ea2,#B9B9B9,-0.016521972,-0.027014233,0.011996076
67fefd9e3b8beb7e1b4d8ea2,#B62EF2,-0.042140078,-0.107757591,0.03836697
67fefd9e3b8beb7e1b4d8ea2,#B8509E,-0.031895615,-0.061864413,0.05160521
67fefd9e3b8beb7e1b4d8ea2,#C7B88B,0.007455782,0.014543804,0.010769572
67fefd9e3b8beb7e1b4d8ea2,#C34F74,0.08631634,0.020412412,0.008911192
67fefd9e3b8beb7e1b4d8ea2,#C94E4B,0.182730317,-0.010209404,0.041350354
67fefd9e3b8beb7e1b4d8ea2,#CC4F1B,-0.022178736,-0.04769478,-0.075713582
67fefd9e3b8beb7e1b4d8ea2,#CD26C7,0.117171608,-0.062757343,-0.021460464
67fefd9e3b8beb7e1b4d8ea2,#D0B85A,-0.018385395,0.015810579,0.027496764
67fefd9e3b8beb7e1b4d8ea2,#D5A9E4,-0.029186286,-0.043210417,0.030422146
67fefd9e3b8beb7e1b4d8ea2,#D5B811,0.000346932,0.04078272,0.013138834
67fefd9e3b8beb7e1b4d8ea2,#DB1F9D,-0.013049216,-0.079303205,0.03400974
67fefd9e3b8beb7e1b4d8ea2,#E6A8B7,0.041235372,-0.094704255,-0.007160001
67fefd9e3b8beb7e1b4d8ea2,#E31B73,0.048908196,-0.037364915,0.034855474
67fefd9e3b8beb7e1b4d8ea2,#E81A4B,0.220644221,-0.05719839,0.012283354
67fefd9e3b8beb7e1b4d8ea2,#EA1D1D,0.207977474,0.01975131,0.005126293
67fefd9e3b8beb7e1b4d8ea2,#F1A78A,0.000643308,0.02970349,0.04038883
67fefd9e3b8beb7e1b4d8ea2,#F7A75A,0.010779834,0.066532575,0.089135826
67fefd9e3b8beb7e1b4d8ea2,#FBA714,0.003240079,-0.000895637,-0.01651217
67fefd9e3b8beb7e1b4d8ea2,#FFFFFF,-0.049350627,0.01992552,0.009843986
